id_venta,fecha,producto,categoria,precio,cantidad,region,vendedor,descuento,codigo_venta
398,2024-05-23 00:00:00,Hub USB,Audio,73.52,44.0,Sur,Carlos López,0.06,3514
583,2023-05-01 00:00:00,Webcam,Almacenamiento,386.5,17.0,Centro,Ana Torres,0.29,7308
390,2024-01-04 00:00:00,SSD,Almacenamiento,821.93,35.0,Sur,,0.09,7914
362,2023-03-13 00:00:00,Laptop,Periféricos,888.6,,Sur,Ana Torres,0.18,N/A
899,2023-04-14 00:00:00,Mouse,Electrónica,1897.0,36.0,Norte,Ana Torres,0.06,6715
527,2023-12-06 00:00:00,Hub USB,Electrónica,619.81,48.0,Sur,Ana Torres,0.27,N/A
744,2022-11-12 00:00:00,Laptop,Almacenamiento,1968.38,10.0,Oriente,Ana Torres,0.23,6282
298,2024-04-22 00:00:00,SSD,Audio,46.23,35.0,Norte,Juan Pérez,0.16,4196
433,2024-12-06 00:00:00,Webcam,Almacenamiento,1046.58,1.0,Oriente,Juan Pérez,0.12,7962
614,2023-10-02 00:00:00,Teclado,Periféricos,953.56,44.0,Centro,María García,0.19,3569
254,2022-10-09 00:00:00,Webcam,Audio,214.58,50.0,Norte,Pedro Soto,0.29,7929
903,2023-01-23 00:00:00,Mouse,Periféricos,1990.49,19.0,Oriente,María García,0.12,3014
620,2023-12-13 00:00:00,Mouse,Almacenamiento,1963.63,42.0,Oriente,María García,0.01,7233
510,2022-11-14 00:00:00,Auriculares,Electrónica,671.17,46.0,Norte,María García,0.28,7864
916,2024-11-07 00:00:00,Auriculares,Periféricos,1672.38,48.0,Centro,Pedro Soto,0.27,3337
857,2023-11-01 00:00:00,SSD,Electrónica,1944.56,25.0,Sur,Carlos López,0.19,7058
10,2023-03-09 00:00:00,Laptop,Almacenamiento,811.31,,Occidente,Carlos López,0.06,8644
612,2023-01-29 00:00:00,Hub USB,Electrónica,1093.24,12.0,Centro,Ana Torres,0.25,8443
588,2022-04-08 00:00:00,Auriculares,Almacenamiento,1130.84,37.0,Oriente,Juan Pérez,0.21,9745
368,2024-08-22 00:00:00,Hub USB,Almacenamiento,1099.52,12.0,Norte,Juan Pérez,0.18,8105
187,2024-08-18 00:00:00,SSD,Periféricos,1075.01,20.0,Sur,Carlos López,0.2,3844
165,2022-03-28 00:00:00,Mouse,Almacenamiento,158.07,48.0,Oriente,Juan Pérez,0.14,ERR-CXI
421,2023-11-10 00:00:00,Monitor,Audio,326.85,7.0,Sur,María García,0.12,5519
473,2023-08-28 00:00:00,Auriculares,Periféricos,725.47,27.0,Sur,Juan Pérez,0.16,2884
415,2023-11-19 00:00:00,Webcam,Periféricos,1277.83,6.0,Oriente,Juan Pérez,0.08,1155
35,2022-07-24 00:00:00,Teclado,Electrónica,924.7,37.0,Norte,Pedro Soto,0.06,8014
579,2024-10-05 00:00:00,Laptop,Audio,751.83,21.0,Occidente,Carlos López,0.15,3421
524,2022-03-05 00:00:00,SSD,Audio,799.3,43.0,Oriente,María García,0.16,3427
154,2024-05-16 00:00:00,Webcam,Electrónica,830.46,43.0,Norte,Carlos López,0.18,5485
686,2022-01-14 00:00:00,SSD,Audio,829.15,,Sur,Pedro Soto,0.08,5250
865,2023-12-08 00:00:00,Laptop,Almacenamiento,770.44,28.0,Centro,Ana Torres,0.11,4911
870,2024-06-11 00:00:00,  Webcam  ,Periféricos,1235.43,24.0,Sur ,Ana Torres,0.19,4335
467,2022-09-26 00:00:00,Monitor,Audio,52.96,15.0,Sur,Juan Pérez,0.18,4874
55,2023-10-22 00:00:00,Mouse,Audio,1574.73,39.0,Oriente,Ana Torres,0.13,8657
386,,Mouse,Audio,1406.18,24.0,Norte,Pedro Soto,0.03,6769
654,2022-08-16 00:00:00,Monitor,Almacenamiento,42.26,45.0,Centro,Ana Torres,0.14,5589
687,2023-12-16 00:00:00,Mouse,Electrónica,381.91,4.0,Norte,María García,0.26,8021
772,2023-03-28 00:00:00,  Teclado  ,Electrónica,241.65,39.0,Norte ,María García,0.13,ERR-AND
829,2024-09-11 00:00:00,SSD,Electrónica,1203.8,24.0,Occidente,Ana Torres,0.26,7771
667,2022-03-02 00:00:00,Teclado,Periféricos,645.43,10.0,Centro,,0.29,4654
114,2024-04-21 00:00:00,Mouse,Audio,478.62,50.0,Norte,Carlos López,0.22,4438
205,2024-06-19 00:00:00,Webcam,Audio,1780.63,48.0,Oriente,Carlos López,,7156
285,2023-02-21 00:00:00,Hub USB,Periféricos,786.01,17.0,Centro,Juan Pérez,0.28,N/A
493,2022-10-15 00:00:00,Teclado,Electrónica,1795.3,32.0,Oriente,Juan Pérez,0.08,1223
197,2023-12-24 00:00:00,Monitor,Almacenamiento,867.04,40.0,Sur,,0.12,6209
501,2023-12-23 00:00:00,Monitor,Almacenamiento,1425.05,49.0,Occidente,Ana Torres,0.17,4120
172,2023-10-10 00:00:00,SSD,Almacenamiento,1730.53,41.0,Sur,Ana Torres,,7403
737,2022-07-01 00:00:00,Auriculares,Audio,1041.14,34.0,Sur,Ana Torres,0.19,1845
47,2024-03-27 00:00:00,Mouse,Periféricos,61.97,13.0,Centro,Carlos López,0.26,3385
348,2023-08-23 00:00:00,  Auriculares  ,PERIFÉRICOS,657.45,46.0,Centro ,Pedro Soto,0.08,ERR-SOR
936,2023-01-21 00:00:00,Monitor,Electrónica,393.74,2.0,Norte,María García,0.14,9487
424,,SSD,Periféricos,207.52,14.0,Centro,Juan Pérez,0.14,2476
418,2022-03-10 00:00:00,SSD,Periféricos,337.87,5.0,Centro,Juan Pérez,0.1,7064
147,2024-05-23 00:00:00,Laptop,Electrónica,1997.19,26.0,Norte,Ana Torres,0.21,2492
759,2024-06-23 00:00:00,Hub USB,Periféricos,1233.72,7.0,Centro,Juan Pérez,0.01,2754
642,2022-12-21 00:00:00,Mouse,Electrónica,1451.31,31.0,Oriente,Pedro Soto,0.25,9218
223,2023-08-05 00:00:00,Mouse,Almacenamiento,1895.75,34.0,Norte,Carlos López,0.06,5966
592,2022-12-10 00:00:00,Hub USB,Almacenamiento,935.55,10.0,Centro,Ana Torres,0.19,1046
286,1/10/2023,Webcam,Electrónica,1078.24,13.0,Centro,Ana Torres,0.2,3275
14,2022-01-24 00:00:00,Hub USB,Audio,1065.29,36.0,Norte,Pedro Soto,0.23,N/A
668,2023-07-15 00:00:00,Auriculares,AUDIO,1495.04,41.0,Sur,María García,0.03,2531
838,2024-12-07 00:00:00,Auriculares,Almacenamiento,290.94,29.0,Centro,María García,0.21,N/A
858,2024-10-05 00:00:00,Teclado,Electrónica,1327.24,,Oriente,María García,0.09,N/A
963,2024-04-08 00:00:00,SSD,Almacenamiento,1777.03,42.0,Sur,Carlos López,0.03,5508
890,2023-06-08 00:00:00,SSD,Audio,30.61,26.0,Centro,Juan Pérez,0.28,8935
645,2022-03-26 00:00:00,Laptop,Audio,122.44,34.0,Centro,Pedro Soto,0.17,8059
468,2022-03-18 00:00:00,  Monitor  ,Electrónica,742.68,42.0,Oriente ,Carlos López,0.23,N/A
832,2022-04-10 00:00:00,Webcam,Audio,1277.95,23.0,Centro,Carlos López,0.16,8908
141,2023-02-25 00:00:00,Laptop,Almacenamiento,498.48,9.0,Norte,Pedro Soto,0.06,N/A
972,2024-05-17 00:00:00,Hub USB,Almacenamiento,1174.84,41.0,Oriente,,0.22,9244
960,2022-03-17 00:00:00,Hub USB,Periféricos,876.63,26.0,Sur,Pedro Soto,0.02,9380
5,2/5/2023,Webcam,Almacenamiento,-1213.4,3.0,Occidente,Juan Pérez,0.29,9731
260,2023-11-22 00:00:00,SSD,Almacenamiento,1441.42,1.0,Centro,Pedro Soto,0.2,7520
337,2022-12-20 00:00:00,Hub USB,Electrónica,705.63,30.0,Centro,Pedro Soto,0.18,6528
100,2022-07-07 00:00:00,Hub USB,Almacenamiento,1213.37,2.0,Sur,Pedro Soto,0.18,7264
766,2024-06-15 00:00:00,Webcam,Audio,183.45,41.0,Sur,María García,0.01,3639
966,2024-05-15 00:00:00,Auriculares,PERIFÉRICOS,1666.97,20.0,Occidente,Juan Pérez,0.22,N/A
622,2023-12-14 00:00:00,SSD,Periféricos,1139.9,35.0,Centro,Ana Torres,,2274
173,2022-04-26 00:00:00,SSD,Almacenamiento,-1595.71,,Centro,Pedro Soto,0.02,1183
621,2022-03-22 00:00:00,  Hub USB  ,Almacenamiento,1452.93,17.0,Oriente ,Ana Torres,0.17,7950
990,2022-04-17 00:00:00,Webcam,Almacenamiento,760.39,8.0,Sur,María García,0.23,N/A
962,2023-02-25 00:00:00,  Auriculares  ,Periféricos,1405.09,29.0,Occidente ,Pedro Soto,0.24,2638
725,2024-12-24 00:00:00,  Laptop  ,Periféricos,1326.85,29.0,Centro ,Ana Torres,0.18,6744
206,2023-07-01 00:00:00,SSD,Audio,-744.18,34.0,Norte,Ana Torres,0.02,ERR-YPY
98,2023-08-15 00:00:00,Teclado,Electrónica,344.36,20.0,Oriente,,0.14,7981
738,2024-12-31 00:00:00,Teclado,Almacenamiento,,22.0,Norte,Ana Torres,0.14,3111
59,2022-10-30 00:00:00,Mouse,Audio,996.34,16.0,Norte,Juan Pérez,0.23,9125
841,2024-11-17 00:00:00,Hub USB,Electrónica,404.76,3.0,Occidente,Juan Pérez,0.14,6108
492,2023-08-21 00:00:00,Mouse,Electrónica,692.59,41.0,Occidente,Pedro Soto,0.11,6956
756,2023-10-25 00:00:00,Auriculares,Audio,1389.06,43.0,Centro,María García,0.23,N/A
25,2022-04-21 00:00:00,Webcam,Audio,831.04,47.0,Norte,Juan Pérez,0.12,N/A
171,2022-06-04 00:00:00,Mouse,Periféricos,1210.76,49.0,Sur,Ana Torres,0.14,3903
853,2022-09-09 00:00:00,Mouse,Almacenamiento,412.52,26.0,Sur,Ana Torres,0.22,5351
257,2024-10-11 00:00:00,Monitor,Electrónica,1994.39,26.0,Sur,Carlos López,0.26,2456
373,2022-10-09 00:00:00,Auriculares,Periféricos,252.09,46.0,Norte,María García,0.15,9684
126,2023-08-29 00:00:00,Teclado,Periféricos,772.01,23.0,Centro,Juan Pérez,0.29,7400
109,2022-11-12 00:00:00,Teclado,Audio,1894.92,42.0,Oriente,Carlos López,0.15,3258
95,2022-06-03 00:00:00,Teclado,Periféricos,491.13,36.0,Sur,,0.12,N/A
778,2022-03-19 00:00:00,Auriculares,Audio,832.88,12.0,Occidente,María García,0.22,6710
791,2023-03-20 00:00:00,  Teclado  ,Audio,1716.09,32.0,Occidente ,Ana Torres,0.25,ERR-EIU
793,2024-05-05 00:00:00,Mouse,Periféricos,1828.8,1.0,Norte,Juan Pérez,0.3,3003
26,,Webcam,Electrónica,508.58,13.0,Sur,Ana Torres,0.06,N/A
409,2022-05-02 00:00:00,Webcam,Periféricos,1838.78,21.0,Norte,María García,0.18,2565
135,2023-09-11 00:00:00,Mouse,Electrónica,-1276.28,30.0,Oriente,Juan Pérez,0.04,8449
484,2022-07-15 00:00:00,  Mouse  ,Almacenamiento,1045.41,45.0,Oriente ,María García,0.14,5985
61,2024-12-23 00:00:00,Teclado,Audio,279.68,30.0,Occidente,Pedro Soto,0.1,6431
919,2024-07-31 00:00:00,Teclado,Almacenamiento,320.24,6.0,Oriente,Ana Torres,0.19,2607
99,2024-10-08 00:00:00,Auriculares,Audio,1886.21,33.0,Oriente,Juan Pérez,0.18,7021
801,2023-02-24 00:00:00,Monitor,Electrónica,1128.11,50.0,Sur,Carlos López,0.07,4229
863,2023-06-24 00:00:00,SSD,Periféricos,1020.77,26.0,Oriente,Pedro Soto,0.29,4597
263,2023-11-07 00:00:00,  Hub USB  ,Periféricos,901.77,18.0,Centro ,Pedro Soto,0.22,3795
76,2022-09-05 00:00:00,Mouse,Electrónica,1398.93,20.0,Occidente,Juan Pérez,0.1,3366
221,2023-01-08 00:00:00,Webcam,Periféricos,1757.75,50.0,Sur,Ana Torres,0.15,8652
658,2024-01-08 00:00:00,Laptop,Electrónica,786.46,18.0,Norte,Juan Pérez,0.09,3031
169,2022-06-06 00:00:00,Webcam,Periféricos,676.14,11.0,Occidente,Juan Pérez,0.16,N/A
743,2022-12-26 00:00:00,Monitor,Periféricos,1323.42,24.0,Centro,María García,0.15,5263
734,2023-01-16 00:00:00,Hub USB,Audio,778.66,15.0,Oriente,Pedro Soto,0.0,6490
435,2024-08-26 00:00:00,Hub USB,Almacenamiento,775.34,32.0,Norte,María García,0.08,7011
54,2024-04-11 00:00:00,Hub USB,Periféricos,1236.8,20.0,Occidente,Juan Pérez,0.09,2120
929,2022-04-08 00:00:00,Auriculares,Periféricos,1053.34,19.0,Occidente,Juan Pérez,0.28,7721
657,2023-02-16 00:00:00,Laptop,Almacenamiento,353.08,19.0,Occidente,Carlos López,0.02,8242
952,2024-07-25 00:00:00,Teclado,Electrónica,1854.36,29.0,Norte,Juan Pérez,0.23,1911
774,2022-10-17 00:00:00,Monitor,Almacenamiento,140.5,18.0,Oriente,María García,0.21,N/A
740,2022-12-13 00:00:00,Auriculares,Almacenamiento,136.91,31.0,Occidente,Juan Pérez,0.2,3595
363,2022-10-14 00:00:00,SSD,Periféricos,187.08,7.0,Norte,Pedro Soto,0.22,N/A
651,2023-10-19 00:00:00,Hub USB,Audio,740.06,13.0,Centro,Pedro Soto,0.2,N/A
939,8/12/2022,SSD,Electrónica,,38.0,,Carlos López,,5760
541,2022-04-06 00:00:00,Webcam,Audio,947.3,30.0,Norte,Carlos López,0.03,2535
982,2022-02-20 00:00:00,SSD,Almacenamiento,1297.14,11.0,Occidente,Carlos López,0.17,2107
910,2022-04-01 00:00:00,Hub USB,Periféricos,531.91,21.0,Sur,Ana Torres,0.26,N/A
4,2023-11-21 00:00:00,Webcam,Almacenamiento,323.63,49.0,Norte,Juan Pérez,0.11,5494
529,2023-08-19 00:00:00,Laptop,Audio,1294.68,5.0,Norte,Carlos López,0.03,7047
675,2023-05-19 00:00:00,  Laptop  ,Electrónica,911.45,3.0,Occidente ,Pedro Soto,0.12,9856
18,2022-06-11 00:00:00,Auriculares,Periféricos,129.98,37.0,Norte,Ana Torres,0.24,2584
27,2024-06-26 00:00:00,SSD,Periféricos,1750.85,5.0,,Juan Pérez,0.02,N/A
795,2024-01-05 00:00:00,Laptop,Audio,1900.62,9.0,Centro,María García,0.19,4502
376,2024-01-24 00:00:00,Laptop,Audio,1720.83,11.0,Sur,Carlos López,0.23,2922
942,2022-02-08 00:00:00,SSD,Periféricos,1432.87,34.0,Oriente,Pedro Soto,0.09,1868
695,2022-08-31 00:00:00,Mouse,Almacenamiento,1958.83,1.0,Norte,Ana Torres,0.19,6185
380,2022-04-05 00:00:00,Laptop,Periféricos,458.02,34.0,Oriente,Juan Pérez,0.26,N/A
729,2023-04-27 00:00:00,Webcam,Electrónica,1724.58,2.0,Oriente,Pedro Soto,0.12,5646
981,2023-11-26 00:00:00,Hub USB,Audio,477.15,26.0,Occidente,Juan Pérez,0.29,6703
855,2024-07-20 00:00:00,Hub USB,Audio,1030.16,10.0,Norte,Juan Pérez,0.08,4474
535,2022-06-06 00:00:00,Mouse,Almacenamiento,1471.09,41.0,Norte,Juan Pérez,,2743
455,2023-12-29 00:00:00,Monitor,Almacenamiento,1314.05,15.0,Sur,Carlos López,0.13,8185
700,2023-11-18 00:00:00,SSD,Periféricos,1259.99,35.0,Oriente,Ana Torres,0.28,8361
610,2023-03-21 00:00:00,Mouse,Electrónica,314.11,32.0,Centro,Ana Torres,0.09,8761
627,2022-08-08 00:00:00,Monitor,Periféricos,,13.0,Oriente,María García,0.03,2393
400,2024-09-08 00:00:00,Auriculares,Audio,832.8,36.0,Norte,Juan Pérez,0.08,N/A
986,2022-02-19 00:00:00,Laptop,Almacenamiento,882.48,27.0,Occidente,Carlos López,0.11,4876
452,2024-04-08 00:00:00,  SSD  ,Almacenamiento,529.96,27.0,Oriente ,Juan Pérez,0.17,3029
799,2023-11-19 00:00:00,Auriculares,Periféricos,1578.57,6.0,Norte,Pedro Soto,0.28,2225
564,2024-01-30 00:00:00,Hub USB,Electrónica,142.2,15.0,Norte,Pedro Soto,0.01,ERR-LDR
723,2023-09-23 00:00:00,Webcam,Electrónica,1646.72,12.0,Oriente,Juan Pérez,0.18,7243
563,2022-01-11 00:00:00,Webcam,Electrónica,334.06,,Norte,María García,0.14,N/A
75,2024-03-23 00:00:00,Laptop,Almacenamiento,1157.96,25.0,Sur,Juan Pérez,0.18,8106
180,2022-10-17 00:00:00,Monitor,Almacenamiento,176.78,43.0,Centro,Carlos López,0.29,1262
359,2022-01-20 00:00:00,Monitor,Periféricos,1046.1,29.0,Norte,Carlos López,0.25,7260
133,2024-07-20 00:00:00,Hub USB,Electrónica,539.95,8.0,Centro,Carlos López,0.18,9870
770,2022-04-04 00:00:00,Laptop,Audio,1815.75,40.0,Sur,María García,0.0,1082
329,2022-08-26 00:00:00,SSD,Electrónica,601.43,6.0,Sur,Carlos López,0.09,3022
306,2023-05-08 00:00:00,Hub USB,Electrónica,609.06,37.0,Occidente,Ana Torres,0.2,ERR-YIJ
943,2024-08-27 00:00:00,Teclado,Almacenamiento,1787.36,27.0,Norte,Ana Torres,0.19,9115
378,2022-03-14 00:00:00,Webcam,Audio,1841.65,12.0,Occidente,Ana Torres,0.07,N/A
326,2024-03-29 00:00:00,Webcam,Periféricos,1299.29,3.0,Centro,Ana Torres,0.03,8467
504,2023-02-22 00:00:00,Monitor,Electrónica,1385.83,19.0,Occidente,Juan Pérez,0.11,8769
499,2024-04-25 00:00:00,Auriculares,Audio,1612.52,9.0,Occidente,Pedro Soto,0.09,N/A
783,2022-12-27 00:00:00,SSD,Electrónica,222.28,4.0,Sur,Juan Pérez,0.15,6105
786,2022-05-31 00:00:00,Hub USB,Periféricos,760.43,15.0,Oriente,Pedro Soto,0.15,7275
190,2022-11-25 00:00:00,Teclado,ELECTRÓNICA,580.85,49.0,Centro,Ana Torres,0.27,1719
652,2024-06-24 00:00:00,Auriculares,Periféricos,-1975.49,40.0,Occidente,María García,0.13,2428
864,2022-04-03 00:00:00,Webcam,Almacenamiento,651.16,2.0,Sur,Carlos López,0.1,N/A
111,2024-04-29 00:00:00,Mouse,Periféricos,1730.09,18.0,Centro,Pedro Soto,0.08,ERR-HVU
531,2023-09-19 00:00:00,Mouse,Almacenamiento,979.43,22.0,Occidente,María García,0.17,5831
624,2024-01-16 00:00:00,Laptop,Audio,1471.31,2.0,Occidente,María García,0.1,N/A
58,2022-05-30 00:00:00,Monitor,Electrónica,106.73,31.0,Oriente,Ana Torres,0.27,N/A
761,2024-03-12 00:00:00,Hub USB,Almacenamiento,315.94,22.0,Occidente,Juan Pérez,0.15,2267
573,27/11/2023,SSD,AUDIO,1794.6,2.0,Norte,Carlos López,0.02,7967
7,2023-04-22 00:00:00,Laptop,Periféricos,1549.54,6.0,Norte,Ana Torres,,N/A
559,2024-05-17 00:00:00,Hub USB,Almacenamiento,533.69,35.0,Occidente,Carlos López,0.18,5382
295,2024-09-27 00:00:00,Webcam,Periféricos,292.82,35.0,Sur,Pedro Soto,0.3,2333
139,2024-01-23 00:00:00,Mouse,Almacenamiento,212.22,44.0,Occidente,Carlos López,0.02,2126
164,2022-12-26 00:00:00,Teclado,Electrónica,1002.31,28.0,Sur,Ana Torres,0.16,4185
852,2022-07-28 00:00:00,Teclado,Electrónica,299.58,26.0,Sur,Juan Pérez,0.11,8802
319,2022-10-06 00:00:00,Webcam,Audio,679.45,42.0,Centro,Carlos López,0.18,4110
327,2024-11-28 00:00:00,Teclado,ALMACENAMIENTO,455.67,48.0,Occidente,Pedro Soto,0.21,N/A
847,2024-05-18 00:00:00,Teclado,Periféricos,1671.96,25.0,Sur,Pedro Soto,0.07,3690
44,2024-04-24 00:00:00,Mouse,Periféricos,1952.77,12.0,Norte,María García,0.22,1722
938,2022-12-07 00:00:00,Monitor,Audio,852.43,8.0,Sur,Ana Torres,0.29,2753
64,2022-06-15 00:00:00,  Auriculares  ,Periféricos,554.35,21.0,Sur ,María García,0.07,N/A
598,2023-08-05 00:00:00,Hub USB,Almacenamiento,470.27,48.0,Oriente,María García,0.04,1915
843,2022-03-01 00:00:00,Mouse,Periféricos,381.79,23.0,Norte,María García,0.25,N/A
39,2022-07-09 00:00:00,Auriculares,Audio,513.48,4.0,Oriente,Carlos López,0.01,N/A
787,2024-07-20 00:00:00,Hub USB,Periféricos,444.09,40.0,Sur,Ana Torres,0.11,7126
792,2023-05-21 00:00:00,  Auriculares  ,Electrónica,1464.09,48.0,Sur ,Carlos López,0.13,7089
272,2024-05-17 00:00:00,Laptop,Periféricos,1162.95,3.0,Centro,Juan Pérez,0.16,9482
995,2023-08-16 00:00:00,Hub USB,Audio,97.96,30.0,Sur,Juan Pérez,0.02,5687
568,2024-04-10 00:00:00,  Auriculares  ,Audio,715.96,26.0,Occidente ,María García,0.16,N/A
217,2023-02-16 00:00:00,Monitor,Almacenamiento,1024.88,8.0,Sur,María García,0.24,N/A
271,2023-09-24 00:00:00,SSD,Electrónica,1124.21,44.0,Norte,Ana Torres,0.08,N/A
907,2022-04-04 00:00:00,Webcam,Periféricos,949.8,23.0,Norte,Carlos López,0.15,3664
819,2024-07-01 00:00:00,Mouse,Almacenamiento,403.5,6.0,Norte,Pedro Soto,0.12,N/A
340,2023-01-19 00:00:00,  Monitor  ,Periféricos,986.94,9.0,Centro ,Ana Torres,0.19,4196
697,2023-07-31 00:00:00,Mouse,Electrónica,1286.63,45.0,Centro,Juan Pérez,0.09,9182
685,2022-01-12 00:00:00,Auriculares,Electrónica,925.41,32.0,Occidente,Ana Torres,0.07,8396
138,22/2/2023,Teclado,Audio,1237.07,18.0,Centro,María García,0.13,3115
345,2023-05-22 00:00:00,SSD,PERIFÉRICOS,1979.7,7.0,Centro,Juan Pérez,0.13,8239
548,23/12/2023,  Laptop  ,Periféricos,125.99,17.0,Occidente ,Ana Torres,0.18,1193
307,2022-06-10 00:00:00,Webcam,Audio,1514.88,9.0,,Carlos López,0.02,8803
186,2023-05-02 00:00:00,Monitor,Audio,101.73,24.0,Oriente,Pedro Soto,0.09,4807
931,2023-01-03 00:00:00,Laptop,Electrónica,1484.92,30.0,Sur,Ana Torres,0.01,3303
514,2024-07-01 00:00:00,SSD,Electrónica,,23.0,Sur,Pedro Soto,0.28,7512
596,2022-07-15 00:00:00,Teclado,Periféricos,346.32,7.0,Norte,Ana Torres,0.16,3283
345,2023-05-22 00:00:00,SSD,PERIFÉRICOS,1979.7,7.0,Centro,Juan Pérez,0.13,4731
897,2022-10-01 00:00:00,Webcam,Audio,964.56,48.0,Centro,María García,0.21,9927
751,2023-01-04 00:00:00,Mouse,Periféricos,1047.11,44.0,Centro,,0.0,4633
866,2022-06-23 00:00:00,Mouse,Periféricos,480.72,20.0,Norte,Carlos López,0.03,N/A
527,2023-12-06 00:00:00,Hub USB,Electrónica,619.81,48.0,Sur,Ana Torres,0.27,2903
62,2024-07-02 00:00:00,SSD,Audio,1663.68,36.0,Sur,Ana Torres,,7558
878,2024-04-11 00:00:00,Monitor,Almacenamiento,1378.41,16.0,Sur,Juan Pérez,0.04,2261
229,2023-10-03 00:00:00,SSD,Periféricos,690.28,10.0,Centro,Carlos López,0.29,1324
315,2022-10-12 00:00:00,Mouse,Periféricos,1375.35,,Centro,Carlos López,0.08,6574
715,2024-12-28 00:00:00,SSD,Almacenamiento,635.19,13.0,Norte,Ana Torres,0.17,2625
602,2022-01-01 00:00:00,Hub USB,Almacenamiento,324.1,1.0,Occidente,María García,0.1,N/A
519,2022-02-18 00:00:00,Hub USB,Electrónica,1497.58,10.0,Oriente,Carlos López,0.01,1145
552,7/8/2022,Hub USB,Audio,277.44,2.0,Occidente,Pedro Soto,0.21,3165
603,2024-09-04 00:00:00,SSD,Electrónica,1380.22,32.0,,Juan Pérez,0.23,2262
917,2023-01-05 00:00:00,Mouse,Electrónica,1059.14,37.0,Oriente,Juan Pérez,0.07,2322
591,2024-11-11 00:00:00,Monitor,Almacenamiento,719.89,44.0,Oriente,Ana Torres,0.27,4593
245,2023-02-22 00:00:00,SSD,Almacenamiento,846.28,27.0,Oriente,Pedro Soto,0.23,7947
515,2024-02-21 00:00:00,Mouse,Electrónica,1369.86,21.0,Norte,Ana Torres,0.08,9412
717,2023-01-11 00:00:00,Monitor,Almacenamiento,1827.03,26.0,Centro,Carlos López,0.14,N/A
967,2022-09-11 00:00:00,Webcam,Almacenamiento,1259.57,23.0,Norte,Juan Pérez,0.13,1180
868,2022-02-15 00:00:00,Hub USB,Almacenamiento,55.5,31.0,Centro,Ana Torres,0.17,7628
110,2023-05-15 00:00:00,Auriculares,Audio,1671.93,31.0,Oriente,Pedro Soto,0.04,9898
511,2024-01-04 00:00:00,Laptop,Almacenamiento,988.74,37.0,Norte,Carlos López,0.16,1358
110,2023-05-15 00:00:00,Auriculares,Audio,1671.93,31.0,Oriente,Pedro Soto,0.04,2320
849,2022-08-25 00:00:00,Auriculares,Electrónica,178.26,32.0,Oriente,Carlos López,0.14,N/A
922,2024-03-27 00:00:00,Hub USB,Almacenamiento,368.35,50.0,Norte,Juan Pérez,0.26,4268
708,2022-06-28 00:00:00,Auriculares,Electrónica,1378.8,39.0,Centro,Ana Torres,0.27,8471
543,2024-11-23 00:00:00,Teclado,Almacenamiento,762.01,15.0,Oriente,Carlos López,0.25,3955
233,2022-02-17 00:00:00,SSD,Audio,1759.97,32.0,Norte,Ana Torres,0.15,5640
420,2024-09-15 00:00:00,Teclado,Almacenamiento,1194.15,40.0,Norte,Ana Torres,0.28,6799
965,2022-11-24 00:00:00,Teclado,Almacenamiento,1049.85,49.0,Norte,Juan Pérez,0.27,3427
149,,Webcam,Audio,1989.34,34.0,Oriente,Pedro Soto,0.18,5873
726,2023-09-06 00:00:00,SSD,Periféricos,423.24,21.0,Occidente,Carlos López,0.28,7765
692,2024-12-19 00:00:00,Mouse,Electrónica,231.96,47.0,Norte,Ana Torres,0.22,4253
485,2022-04-22 00:00:00,Hub USB,Periféricos,1680.48,36.0,Norte,María García,0.15,N/A
159,2023-10-01 00:00:00,Hub USB,Audio,691.68,24.0,Centro,Pedro Soto,0.18,7719
656,2022-02-07 00:00:00,SSD,Periféricos,1394.72,43.0,Oriente,Pedro Soto,0.27,5226
309,2024-02-08 00:00:00,SSD,Audio,467.85,36.0,Oriente,María García,0.2,9060
672,2023-07-07 00:00:00,Mouse,Electrónica,826.05,1.0,Oriente,María García,0.22,6385
809,2024-12-21 00:00:00,Webcam,Almacenamiento,980.0,43.0,Occidente,Ana Torres,0.14,2558
24,2023-01-25 00:00:00,SSD,Periféricos,1572.47,27.0,Norte,Juan Pérez,0.2,3045
750,2023-06-07 00:00:00,Auriculares,Almacenamiento,-551.6,7.0,Occidente,Ana Torres,0.14,6867
129,2022-03-22 00:00:00,Monitor,Electrónica,1808.26,42.0,Centro,Ana Torres,0.01,5991
320,2023-10-16 00:00:00,  Mouse  ,Audio,,26.0,Centro ,Ana Torres,0.29,6237
317,2024-10-12 00:00:00,  Webcam  ,Almacenamiento,1889.28,47.0,Occidente ,Pedro Soto,0.06,6134
431,2024-06-10 00:00:00,Mouse,PERIFÉRICOS,99.71,6.0,Sur,María García,0.25,9722
532,2022-01-10 00:00:00,Webcam,Almacenamiento,1917.94,11.0,Centro,María García,0.24,1170
616,2023-10-27 00:00:00,Mouse,Electrónica,483.39,28.0,Norte,María García,0.24,4471
250,2024-02-17 00:00:00,Auriculares,Almacenamiento,256.92,44.0,Oriente,Carlos López,0.29,3644
669,2023-07-01 00:00:00,Monitor,Electrónica,1528.46,40.0,Occidente,Pedro Soto,0.18,9767
16,2024-11-05 00:00:00,Monitor,Electrónica,1742.98,20.0,Occidente,María García,0.05,7943
160,2022-04-12 00:00:00,Laptop,Periféricos,-327.46,40.0,Norte,Carlos López,,9291
458,2023-12-03 00:00:00,Laptop,Periféricos,287.67,13.0,Oriente,Pedro Soto,0.27,2813
49,2022-03-20 00:00:00,Auriculares,Periféricos,1167.47,17.0,Norte,Pedro Soto,0.13,7042
821,2023-08-06 00:00:00,Hub USB,Almacenamiento,781.43,1.0,Centro,Carlos López,0.09,8138
483,2023-10-06 00:00:00,Hub USB,Audio,106.26,17.0,Norte,Pedro Soto,0.23,2005
779,2023-04-28 00:00:00,Teclado,Almacenamiento,705.49,1.0,Sur,Juan Pérez,0.3,8652
839,17/8/2022,Laptop,Electrónica,456.38,45.0,Sur,Carlos López,0.04,4078
87,2023-07-21 00:00:00,Monitor,Periféricos,444.52,31.0,Occidente,Pedro Soto,0.18,1164
351,22/10/2024,Auriculares,Audio,759.72,5.0,Oriente,Pedro Soto,0.22,N/A
128,2023-03-25 00:00:00,Auriculares,PERIFÉRICOS,1220.02,23.0,Sur,Pedro Soto,0.08,6387
463,2024-12-23 00:00:00,Webcam,Electrónica,1785.63,49.0,Sur,Juan Pérez,0.2,7551
397,2022-04-14 00:00:00,Webcam,Electrónica,99.75,30.0,Sur,Pedro Soto,0.13,9379
238,2024-11-08 00:00:00,Webcam,Almacenamiento,1513.61,13.0,Oriente,Pedro Soto,0.01,7465
168,2024-12-09 00:00:00,Teclado,Periféricos,879.82,26.0,Norte,Ana Torres,0.26,8171
923,2022-11-12 00:00:00,  Monitor  ,Audio,1562.29,19.0,Norte ,Carlos López,0.15,4268
453,2024-12-30 00:00:00,Mouse,Almacenamiento,1457.2,15.0,Oriente,Carlos López,0.15,ERR-UGM
81,2023-01-08 00:00:00,Webcam,Electrónica,996.2,21.0,Oriente,María García,0.11,3434
505,2023-04-05 00:00:00,SSD,Electrónica,1237.98,44.0,Occidente,Ana Torres,0.07,3517
992,2024-04-14 00:00:00,SSD,Audio,144.93,2.0,Sur,Juan Pérez,0.08,ERR-ECL
948,2023-09-14 00:00:00,Teclado,Audio,1886.96,32.0,Sur,María García,0.17,N/A
31,2024-10-26 00:00:00,Webcam,Electrónica,114.53,31.0,Occidente,María García,0.02,2668
243,2023-04-12 00:00:00,  Laptop  ,Audio,542.08,42.0,Norte ,Pedro Soto,0.14,6711
937,2023-01-26 00:00:00,Monitor,Periféricos,880.04,41.0,Norte,Carlos López,0.23,1896
748,2024-02-22 00:00:00,Hub USB,Electrónica,588.25,29.0,Centro,Pedro Soto,0.2,7265
325,2022-06-24 00:00:00,Hub USB,Electrónica,1584.58,24.0,Norte,María García,,5863
940,25/5/2024,Hub USB,Electrónica,677.69,7.0,Oriente,Ana Torres,0.22,1997
768,2023-11-23 00:00:00,SSD,Electrónica,88.53,4.0,Norte,Ana Torres,0.04,N/A
713,2022-09-24 00:00:00,Auriculares,Almacenamiento,1088.05,4.0,Norte,Ana Torres,0.27,8141
28,2022-12-07 00:00:00,Laptop,Electrónica,1853.84,16.0,Oriente,Ana Torres,0.14,2065
358,2022-07-14 00:00:00,Auriculares,Periféricos,867.02,6.0,Norte,María García,0.14,2468
123,2024-07-30 00:00:00,Monitor,Periféricos,930.38,17.0,,Juan Pérez,0.27,5909
873,2023-09-11 00:00:00,Mouse,Almacenamiento,1594.37,42.0,Occidente,Carlos López,0.13,6002
946,2024-01-08 00:00:00,Auriculares,AUDIO,1920.21,44.0,Oriente,María García,0.19,1105
446,2022-12-21 00:00:00,Laptop,Electrónica,956.08,9.0,Occidente,Juan Pérez,0.07,ERR-MQM
268,2022-05-07 00:00:00,Webcam,Electrónica,1835.73,8.0,Occidente,Pedro Soto,0.06,N/A
569,2023-12-14 00:00:00,Teclado,Electrónica,1105.94,47.0,Centro,Carlos López,0.07,6467
887,2023-05-20 00:00:00,Teclado,Almacenamiento,1098.3,31.0,Centro,María García,0.11,9940
572,2024-09-17 00:00:00,Auriculares,Audio,1932.62,37.0,Sur,Carlos López,0.29,1949
272,2024-05-17 00:00:00,Laptop,Periféricos,1162.95,3.0,Centro,Juan Pérez,0.16,N/A
352,2022-01-06 00:00:00,Webcam,Audio,1901.25,21.0,Norte,Ana Torres,0.19,1859
983,2022-04-19 00:00:00,Teclado,Electrónica,396.97,40.0,Occidente,Pedro Soto,0.06,N/A
278,2022-07-26 00:00:00,Hub USB,Electrónica,492.72,5.0,Occidente,Juan Pérez,0.13,N/A
856,2022-03-02 00:00:00,SSD,Periféricos,1262.32,,Norte,Juan Pérez,0.25,9321
918,2023-08-06 00:00:00,SSD,Electrónica,1776.42,2.0,Norte,Ana Torres,0.11,ERR-YGR
447,2023-12-16 00:00:00,Auriculares,Almacenamiento,856.26,25.0,Oriente,Carlos López,0.07,6382
464,2023-10-02 00:00:00,Mouse,Periféricos,1391.65,23.0,Sur,Juan Pérez,0.12,7370
749,2023-12-26 00:00:00,Laptop,Electrónica,1836.66,41.0,Oriente,Pedro Soto,0.28,N/A
148,2022-10-31 00:00:00,SSD,Electrónica,1800.04,21.0,Norte,María García,0.08,8476
300,18/4/2024,Monitor,Periféricos,395.99,34.0,Centro,Carlos López,0.24,N/A
419,2022-11-26 00:00:00,Teclado,Electrónica,693.49,25.0,Norte,Pedro Soto,0.28,7852
412,2024-02-14 00:00:00,Webcam,Periféricos,,12.0,Centro,Carlos López,0.04,7382
977,2023-08-04 00:00:00,Monitor,Audio,111.57,20.0,Sur,María García,0.25,5963
554,2022-01-03 00:00:00,Teclado,Audio,1323.89,39.0,Oriente,Pedro Soto,0.13,1153
52,2023-09-08 00:00:00,Webcam,Almacenamiento,1331.82,8.0,Occidente,Carlos López,0.2,1894
888,2022-03-13 00:00:00,Webcam,Almacenamiento,56.83,39.0,Norte,María García,0.08,6968
137,2024-05-08 00:00:00,SSD,Almacenamiento,,48.0,Occidente,María García,0.27,2932
23,2023-07-25 00:00:00,Laptop,Almacenamiento,155.65,16.0,Oriente,María García,0.16,8184
803,2024-02-03 00:00:00,Auriculares,Audio,565.13,5.0,Centro,Ana Torres,0.15,ERR-HDL
682,10/12/2022,Hub USB,Audio,102.15,11.0,Occidente,María García,0.05,5421
361,2022-09-30 00:00:00,Webcam,Almacenamiento,287.2,50.0,Sur,Juan Pérez,0.16,N/A
210,2024-06-16 00:00:00,Monitor,Electrónica,298.42,39.0,,María García,0.02,6427
702,2023-07-29 00:00:00,Webcam,Almacenamiento,146.43,10.0,Norte,Carlos López,0.3,8843
143,2022-09-27 00:00:00,Auriculares,Periféricos,233.2,2.0,Norte,Carlos López,0.24,6084
51,2023-02-08 00:00:00,Laptop,Audio,18.36,35.0,Centro,Ana Torres,0.02,N/A
167,2024-07-31 00:00:00,Laptop,Almacenamiento,356.17,40.0,Centro,Juan Pérez,0.13,N/A
674,2024-02-19 00:00:00,Hub USB,Audio,1555.79,39.0,Centro,Ana Torres,0.18,4483
572,2024-09-17 00:00:00,Auriculares,Audio,1932.62,37.0,Sur,Carlos López,0.29,9691
82,2023-07-20 00:00:00,Auriculares,Almacenamiento,570.12,39.0,Occidente,Juan Pérez,0.15,5588
404,2022-11-23 00:00:00,SSD,Almacenamiento,1537.18,15.0,Norte,María García,0.2,6464
322,2023-03-06 00:00:00,Monitor,Electrónica,1906.71,30.0,Oriente,,0.25,4639
968,2024-12-28 00:00:00,Laptop,Audio,687.88,16.0,Occidente,María García,0.11,ERR-QRL
975,2023-08-17 00:00:00,Teclado,Audio,234.02,24.0,Norte,Pedro Soto,0.05,6558
432,2022-06-28 00:00:00,Auriculares,Almacenamiento,1822.95,5.0,Oriente,Pedro Soto,0.12,4115
67,2023-03-28 00:00:00,Webcam,Almacenamiento,1510.65,27.0,Oriente,María García,0.08,N/A
335,2023-01-18 00:00:00,Teclado,Electrónica,1602.01,35.0,Centro,Carlos López,0.06,5900
396,2024-06-27 00:00:00,Teclado,Electrónica,1994.37,13.0,Sur,,0.27,4156
884,2022-09-08 00:00:00,Auriculares,Audio,,16.0,Centro,Carlos López,0.25,4740
290,2024-01-06 00:00:00,Auriculares,Audio,940.51,42.0,Centro,Carlos López,0.11,8785
721,2024-06-01 00:00:00,SSD,Audio,146.13,14.0,Oriente,Pedro Soto,0.24,1534
643,4/8/2023,Teclado,Almacenamiento,89.18,37.0,Norte,Juan Pérez,0.28,9573
284,2022-10-23 00:00:00,SSD,Periféricos,1700.94,20.0,Oriente,Juan Pérez,0.17,2641
509,2023-06-26 00:00:00,Teclado,Audio,95.66,18.0,Sur,María García,0.18,2923
558,2023-10-09 00:00:00,Laptop,Audio,1314.27,45.0,Oriente,Carlos López,0.03,8846
65,2023-11-09 00:00:00,  Monitor  ,Periféricos,142.49,27.0,Occidente ,Ana Torres,0.12,3333
701,2023-10-09 00:00:00,Laptop,Almacenamiento,1136.41,44.0,Occidente,Pedro Soto,0.01,1597
265,2023-09-29 00:00:00,Monitor,Audio,1376.86,,Norte,Carlos López,0.11,2806
456,2024-08-07 00:00:00,Webcam,Almacenamiento,532.21,19.0,Norte,Ana Torres,0.02,3291
586,2023-02-06 00:00:00,Auriculares,Periféricos,1117.35,25.0,Sur,María García,0.14,N/A
771,2024-07-23 00:00:00,Laptop,Almacenamiento,1644.17,7.0,Occidente,María García,0.25,2992
21,2022-09-05 00:00:00,Webcam,Audio,1800.73,29.0,Sur,María García,0.02,6583
814,2022-11-29 00:00:00,Webcam,Almacenamiento,308.67,29.0,Occidente,Carlos López,0.04,8447
830,2022-02-05 00:00:00,SSD,Electrónica,755.81,47.0,Centro,María García,0.17,9548
881,2024-09-22 00:00:00,Auriculares,Periféricos,1293.92,3.0,Norte,Juan Pérez,0.26,2792
297,,Mouse,Electrónica,1418.73,1.0,Occidente,Ana Torres,0.11,2645
508,2022-06-02 00:00:00,Mouse,Periféricos,598.94,12.0,Sur,María García,0.22,6690
578,2022-06-10 00:00:00,Webcam,Periféricos,1561.19,8.0,Oriente,Pedro Soto,0.0,3435
262,2024-09-04 00:00:00,Hub USB,Electrónica,381.79,9.0,Centro,María García,0.0,7829
450,2023-09-04 00:00:00,Auriculares,Almacenamiento,1317.4,42.0,Sur,María García,0.16,N/A
706,2024-12-08 00:00:00,SSD,Periféricos,392.57,31.0,Centro,Carlos López,,5947
545,2023-03-10 00:00:00,Mouse,Electrónica,1036.36,18.0,Sur,María García,0.05,2180
490,2023-11-30 00:00:00,Auriculares,Periféricos,1314.37,30.0,Centro,Juan Pérez,0.24,8734
901,2024-06-10 00:00:00,Monitor,Electrónica,43.02,34.0,Oriente,Ana Torres,0.04,4122
494,2023-03-18 00:00:00,Mouse,PERIFÉRICOS,254.68,26.0,Oriente,María García,0.22,3134
704,2024-07-14 00:00:00,Teclado,Audio,1755.94,24.0,Centro,María García,0.16,4131
998,2024-06-03 00:00:00,Teclado,Periféricos,1454.27,18.0,Sur,Pedro Soto,0.15,N/A
189,2023-05-28 00:00:00,Monitor,Periféricos,1605.5,9.0,Norte,Ana Torres,0.26,ERR-FFR
252,2023-07-10 00:00:00,SSD,Periféricos,416.1,35.0,Occidente,Carlos López,0.04,7297
72,2022-03-24 00:00:00,Laptop,Almacenamiento,460.08,5.0,Norte,María García,0.06,2818
102,2024-10-04 00:00:00,Auriculares,Periféricos,1993.94,28.0,Norte,Ana Torres,,2243
443,2022-12-30 00:00:00,Mouse,Almacenamiento,985.24,29.0,Oriente,Pedro Soto,0.17,5337
410,2022-05-29 00:00:00,Monitor,Electrónica,1695.26,24.0,Centro,Ana Torres,0.18,5620
814,2022-11-29 00:00:00,Webcam,Almacenamiento,308.67,29.0,Occidente,Carlos López,0.04,2225
427,2022-05-07 00:00:00,SSD,Audio,537.85,18.0,Sur,Juan Pérez,0.03,N/A
571,2022-08-28 00:00:00,Teclado,Electrónica,1013.79,22.0,Occidente,Carlos López,0.26,1710
675,2023-05-19 00:00:00,  Laptop  ,Electrónica,911.45,3.0,Occidente ,Pedro Soto,0.12,5560
23,2023-07-25 00:00:00,Laptop,Almacenamiento,155.65,16.0,Oriente,María García,0.16,3083
898,2024-01-23 00:00:00,  Webcam  ,Almacenamiento,409.35,27.0,Sur ,Ana Torres,0.26,9632
331,2022-08-24 00:00:00,SSD,Almacenamiento,148.34,3.0,Norte,Carlos López,0.19,5775
460,2024-07-14 00:00:00,Monitor,Almacenamiento,1274.48,1.0,Centro,María García,0.23,8852
631,2023-03-19 00:00:00,Laptop,Electrónica,1671.4,5.0,Occidente,Juan Pérez,0.03,5309
385,2022-10-19 00:00:00,Mouse,Audio,991.68,4.0,Centro,Juan Pérez,0.01,9035
987,2022-12-11 00:00:00,Teclado,ELECTRÓNICA,1959.88,35.0,Centro,María García,0.05,N/A
366,2023-05-06 00:00:00,Mouse,Audio,601.65,4.0,Oriente,Ana Torres,0.03,5484
282,2024-10-12 00:00:00,Laptop,Periféricos,1257.6,28.0,Norte,Carlos López,0.28,6918
875,2024-08-15 00:00:00,Laptop,Periféricos,1160.03,14.0,Centro,Pedro Soto,0.24,4069
565,2023-08-10 00:00:00,Hub USB,Audio,1233.72,34.0,Occidente,Juan Pérez,0.28,7303
971,2022-06-09 00:00:00,Hub USB,Periféricos,960.36,29.0,Centro,Pedro Soto,0.12,N/A
735,2024-04-21 00:00:00,SSD,Periféricos,1428.58,18.0,Occidente,Pedro Soto,0.11,8045
472,2024-10-16 00:00:00,Teclado,Almacenamiento,241.31,7.0,Sur,,0.06,9376
408,2023-11-11 00:00:00,Mouse,Electrónica,1060.0,1.0,Occidente,María García,0.24,6022
208,2024-07-04 00:00:00,Hub USB,Periféricos,1384.18,23.0,Norte,Carlos López,0.18,1648
807,2022-09-28 00:00:00,Mouse,Electrónica,596.94,44.0,Oriente,Carlos López,0.13,N/A
219,2024-09-07 00:00:00,Teclado,Electrónica,628.94,46.0,Occidente,Ana Torres,0.23,N/A
240,2022-11-29 00:00:00,Monitor,Almacenamiento,1863.77,21.0,Oriente,Pedro Soto,0.22,2167
566,2024-11-27 00:00:00,  Monitor  ,Audio,886.36,13.0,Centro ,María García,0.01,2841
356,2022-09-28 00:00:00,Laptop,Audio,416.6,45.0,,María García,0.26,7498
570,2022-01-10 00:00:00,Mouse,Audio,1860.48,37.0,Centro,María García,0.12,N/A
193,2022-03-20 00:00:00,Teclado,Almacenamiento,1585.89,9.0,Centro,Ana Torres,0.21,9784
281,2024-12-03 00:00:00,Webcam,Periféricos,,10.0,Sur,Ana Torres,0.09,6620
192,2024-02-07 00:00:00,Hub USB,Almacenamiento,483.02,6.0,Sur,Juan Pérez,0.1,9185
413,2022-03-08 00:00:00,Laptop,Audio,1703.75,50.0,Sur,Pedro Soto,0.1,9711
796,2022-11-28 00:00:00,Teclado,Electrónica,967.37,20.0,,Pedro Soto,0.22,4811
811,2022-12-07 00:00:00,Laptop,Periféricos,715.94,30.0,Occidente,María García,0.21,7559
133,2024-07-20 00:00:00,Hub USB,Electrónica,539.95,8.0,Centro,Carlos López,0.18,N/A
942,2022-02-08 00:00:00,SSD,Periféricos,1432.87,34.0,Oriente,Pedro Soto,0.09,N/A
436,2023-05-02 00:00:00,Monitor,Audio,91.98,22.0,Norte,Ana Torres,0.28,ERR-LEY
253,2023-04-08 00:00:00,Mouse,Periféricos,115.77,34.0,Sur,Juan Pérez,0.03,2316
862,2024-10-01 00:00:00,Auriculares,Audio,982.6,8.0,Occidente,Pedro Soto,0.17,1817
557,2022-01-15 00:00:00,Hub USB,Almacenamiento,390.21,46.0,Occidente,Pedro Soto,0.04,8279
264,2023-04-29 00:00:00,  Laptop  ,Almacenamiento,1312.56,45.0,Norte ,Juan Pérez,0.14,3200
71,2023-06-01 00:00:00,Hub USB,Almacenamiento,1507.74,,Norte,,0.01,ERR-VXA
273,2022-03-06 00:00:00,Laptop,Electrónica,1972.48,31.0,Centro,Ana Torres,0.05,N/A
113,2024-02-12 00:00:00,Webcam,ALMACENAMIENTO,1110.56,35.0,Oriente,Carlos López,0.26,3445
328,2024-10-21 00:00:00,Mouse,Audio,757.63,30.0,Sur,Carlos López,0.3,1562
116,2022-07-24 00:00:00,Webcam,Electrónica,1750.27,29.0,Occidente,Ana Torres,0.0,2406
324,2024-09-08 00:00:00,Hub USB,Audio,161.82,39.0,Occidente,Ana Torres,0.16,N/A
611,2023-11-08 00:00:00,SSD,Almacenamiento,935.41,3.0,Norte,María García,0.02,9752
719,2022-08-08 00:00:00,Webcam,PERIFÉRICOS,1023.28,26.0,Centro,Pedro Soto,0.19,9924
474,2022-01-27 00:00:00,Mouse,Audio,671.25,1.0,Norte,Juan Pérez,0.25,5052
678,2022-07-05 00:00:00,Monitor,Audio,1662.34,29.0,Occidente,Juan Pérez,0.05,7230
709,2023-10-02 00:00:00,Teclado,Almacenamiento,59.62,49.0,Sur,Carlos López,0.06,9887
835,2024-02-03 00:00:00,Monitor,Electrónica,286.84,19.0,Oriente,Ana Torres,0.1,4373
762,2022-05-24 00:00:00,SSD,Audio,,47.0,Occidente,María García,0.0,4407
284,2022-10-23 00:00:00,SSD,Periféricos,1700.94,20.0,Oriente,Juan Pérez,0.17,5001
542,2022-12-23 00:00:00,Auriculares,Almacenamiento,1163.58,37.0,Oriente,Ana Torres,0.11,3885
681,2024-02-26 00:00:00,SSD,Almacenamiento,184.33,46.0,Occidente,Pedro Soto,0.28,1375
526,2022-10-17 00:00:00,Webcam,Electrónica,1113.75,36.0,Norte,Juan Pérez,0.0,5079
661,2022-11-18 00:00:00,Auriculares,Almacenamiento,,48.0,Norte,Carlos López,0.21,6138
279,2024-06-17 00:00:00,Laptop,Periféricos,1484.97,26.0,Sur,Pedro Soto,0.07,ERR-PZT
125,2023-09-11 00:00:00,Auriculares,Audio,1385.27,30.0,Sur,Ana Torres,0.26,1931
702,2023-07-29 00:00:00,Webcam,Almacenamiento,146.43,10.0,Norte,Carlos López,0.3,7884
3,2023-07-24 00:00:00,Mouse,Audio,452.57,38.0,Norte,María García,0.21,4734
230,2023-10-16 00:00:00,Monitor,Almacenamiento,1037.24,7.0,Sur,Ana Torres,0.04,2363
512,2024-05-01 00:00:00,Monitor,Electrónica,1575.72,11.0,Occidente,Pedro Soto,0.12,3112
984,2023-01-04 00:00:00,SSD,Electrónica,253.76,,,Carlos López,0.24,2179
877,2023-02-21 00:00:00,Auriculares,Audio,829.37,5.0,Oriente,Carlos López,0.25,1341
925,2024-09-02 00:00:00,Mouse,Audio,899.2,,Centro,Pedro Soto,0.18,8158
871,2023-09-01 00:00:00,Teclado,Periféricos,585.4,,Occidente,Ana Torres,0.24,5718
200,2022-08-01 00:00:00,Webcam,Periféricos,1469.89,41.0,Occidente,Carlos López,0.04,4808
372,2022-08-26 00:00:00,Mouse,Electrónica,500.29,28.0,Oriente,Pedro Soto,0.18,7451
927,27/12/2022,Webcam,Audio,1357.73,42.0,Oriente,Pedro Soto,0.19,9254
789,2024-07-28 00:00:00,Laptop,ALMACENAMIENTO,285.96,30.0,Oriente,María García,0.23,ERR-NPH
438,2024-06-26 00:00:00,Teclado,Periféricos,281.76,48.0,Centro,Carlos López,0.22,N/A
663,2024-03-15 00:00:00,Laptop,Almacenamiento,462.78,22.0,Sur,Juan Pérez,0.22,1699
66,2022-02-10 00:00:00,Mouse,Audio,788.11,50.0,Occidente,Ana Torres,0.14,6896
308,2024-03-23 00:00:00,Hub USB,Periféricos,1679.77,22.0,Centro,Juan Pérez,0.19,3224
41,2022-11-02 00:00:00,Laptop,ELECTRÓNICA,164.36,45.0,Occidente,Juan Pérez,0.25,4172
597,2022-08-01 00:00:00,Laptop,Audio,1055.11,6.0,Centro,Pedro Soto,0.05,7898
802,2023-03-06 00:00:00,Teclado,Audio,1478.7,49.0,Sur,Carlos López,0.11,N/A
818,2022-04-23 00:00:00,Mouse,Audio,724.43,21.0,Occidente,María García,0.18,N/A
976,2023-08-26 00:00:00,  Webcam  ,ALMACENAMIENTO,1982.17,20.0,Oriente ,Juan Pérez,0.24,3294
755,2023-08-27 00:00:00,Monitor,Electrónica,1395.87,17.0,Oriente,Juan Pérez,0.19,N/A
436,2023-05-02 00:00:00,Monitor,Audio,91.98,22.0,Norte,Ana Torres,0.28,2021
874,2024-11-21 00:00:00,Webcam,Periféricos,837.41,17.0,Oriente,Pedro Soto,0.05,3789
610,2023-03-21 00:00:00,Mouse,Electrónica,314.11,32.0,Centro,Ana Torres,0.09,3627
274,2024-07-07 00:00:00,Monitor,Audio,758.3,25.0,Oriente,Ana Torres,0.02,N/A
752,,Laptop,Electrónica,38.74,7.0,Norte,Ana Torres,0.11,5018
680,2022-12-02 00:00:00,Mouse,Audio,194.01,21.0,Norte,Juan Pérez,0.03,8756
694,2024-11-30 00:00:00,  Webcam  ,Periféricos,1234.37,32.0,Oriente ,Ana Torres,0.24,6304
956,2022-06-24 00:00:00,SSD,Almacenamiento,584.22,11.0,Centro,Carlos López,0.21,8083
178,2024-03-04 00:00:00,Monitor,Almacenamiento,755.11,19.0,Oriente,Carlos López,0.2,1858
301,2023-05-14 00:00:00,Teclado,ALMACENAMIENTO,1919.21,30.0,Sur,Carlos López,0.21,9990
38,2023-03-08 00:00:00,Teclado,Periféricos,555.61,39.0,Centro,María García,0.21,4153
354,2022-09-25 00:00:00,Webcam,Almacenamiento,685.44,37.0,Occidente,Ana Torres,0.24,8107
203,2024-08-27 00:00:00,Auriculares,Audio,1978.41,35.0,Centro,Juan Pérez,0.23,4990
707,2024-07-29 00:00:00,Teclado,Periféricos,422.3,3.0,Oriente,Pedro Soto,0.03,3043
237,2022-09-01 00:00:00,Hub USB,Audio,1532.34,18.0,Sur,Juan Pérez,0.12,7131
150,2023-03-17 00:00:00,Teclado,Electrónica,1707.79,42.0,Oriente,Ana Torres,0.27,3869
732,2024-06-13 00:00:00,  Laptop  ,PERIFÉRICOS,1446.86,32.0,Sur ,Juan Pérez,0.04,ERR-XAA
448,2024-11-13 00:00:00,Auriculares,Audio,1175.21,1.0,Centro,Pedro Soto,0.19,6729
218,2024-08-15 00:00:00,Laptop,Almacenamiento,1114.73,24.0,Occidente,María García,0.18,3057
730,,Webcam,Audio,820.97,,Sur,Ana Torres,0.04,6036
958,2024-07-28 00:00:00,Monitor,Audio,835.62,27.0,Occidente,Carlos López,0.28,N/A
790,2022-12-15 00:00:00,Mouse,Almacenamiento,1213.22,41.0,Occidente,Pedro Soto,0.26,9691
660,2022-02-14 00:00:00,Teclado,Periféricos,409.77,30.0,Norte,María García,0.28,3113
488,2024-07-04 00:00:00,SSD,Audio,189.72,32.0,Centro,Juan Pérez,0.29,N/A
303,2023-11-10 00:00:00,Laptop,Periféricos,179.13,28.0,Occidente,Juan Pérez,0.27,9858
994,2024-02-04 00:00:00,Teclado,Periféricos,1569.02,10.0,Occidente,María García,0.23,4206
989,2024-03-09 00:00:00,Monitor,Electrónica,1430.9,20.0,Norte,Carlos López,0.04,2054
724,2022-05-06 00:00:00,Hub USB,Almacenamiento,996.18,43.0,Norte,María García,0.25,N/A
997,2022-05-24 00:00:00,Auriculares,Electrónica,335.41,35.0,Centro,Juan Pérez,0.12,4150
389,2022-08-12 00:00:00,Teclado,Periféricos,285.18,50.0,Sur,Juan Pérez,0.05,4539
479,2023-01-10 00:00:00,Auriculares,Electrónica,754.65,22.0,Norte,Ana Torres,0.12,3395
500,2023-08-19 00:00:00,Webcam,Periféricos,413.76,40.0,Centro,María García,0.29,1672
423,2024-05-25 00:00:00,SSD,Periféricos,123.19,1.0,Norte,Carlos López,0.25,6007
388,2023-10-31 00:00:00,Auriculares,Almacenamiento,1853.19,26.0,Centro,Ana Torres,0.08,ERR-ADW
581,2022-12-24 00:00:00,SSD,Electrónica,1012.41,26.0,Oriente,Juan Pérez,0.21,8003
391,2023-09-16 00:00:00,  Auriculares  ,Electrónica,194.49,44.0,Occidente ,Juan Pérez,0.06,N/A
816,2022-10-29 00:00:00,Webcam,Almacenamiento,955.71,19.0,Occidente,Ana Torres,0.1,2683
353,2023-03-23 00:00:00,Webcam,Electrónica,1594.42,26.0,Oriente,María García,0.15,N/A
194,27/11/2023,Monitor,Audio,905.47,1.0,Norte,Carlos López,0.06,3809
236,2023-02-03 00:00:00,Hub USB,Almacenamiento,104.81,4.0,Centro,Pedro Soto,0.09,1210
777,2024-09-01 00:00:00,Teclado,Almacenamiento,841.2,50.0,Sur,María García,0.04,5483
900,2023-06-17 00:00:00,Monitor,Electrónica,,28.0,Sur,Juan Pérez,0.29,7836
481,2024-09-15 00:00:00,Laptop,Periféricos,220.87,38.0,Occidente,Ana Torres,0.05,9601
56,2022-12-14 00:00:00,Mouse,Audio,1590.56,48.0,Norte,Carlos López,0.15,6499
117,2022-06-03 00:00:00,Monitor,Audio,1743.8,10.0,Oriente,Carlos López,0.1,7843
97,2023-04-06 00:00:00,Auriculares,Periféricos,858.9,35.0,Sur,Carlos López,0.25,1674
142,24/10/2024,Mouse,Periféricos,667.19,10.0,Centro,María García,0.3,8778
753,2022-07-08 00:00:00,Auriculares,Almacenamiento,398.26,2.0,Norte,Pedro Soto,0.2,7194
747,2024-08-29 00:00:00,Mouse,Audio,1371.77,25.0,Centro,María García,0.16,6400
587,2024-11-24 00:00:00,Laptop,Periféricos,851.72,9.0,,Carlos López,0.24,7278
604,2024-02-05 00:00:00,Auriculares,Periféricos,1596.58,36.0,,Ana Torres,0.26,N/A
747,2024-08-29 00:00:00,Mouse,Audio,1371.77,25.0,Centro,María García,0.16,9907
121,2022-10-26 00:00:00,Laptop,Almacenamiento,726.55,28.0,Sur,Pedro Soto,0.12,6567
794,2022-07-20 00:00:00,Laptop,Audio,1069.28,31.0,Oriente,Ana Torres,0.07,N/A
780,2024-11-05 00:00:00,Teclado,Almacenamiento,1727.52,35.0,Sur,Ana Torres,0.23,9399
611,2023-11-08 00:00:00,SSD,Almacenamiento,935.41,3.0,Norte,María García,0.02,N/A
63,2024-09-19 00:00:00,Mouse,Almacenamiento,1535.14,34.0,Sur,Carlos López,0.13,6944
710,2024-06-22 00:00:00,Auriculares,Almacenamiento,1071.57,50.0,Norte,Carlos López,0.04,6502
454,2022-09-20 00:00:00,Monitor,Periféricos,598.16,31.0,Centro,Pedro Soto,0.23,3984
516,2024-02-07 00:00:00,Auriculares,Electrónica,1824.0,50.0,Occidente,Pedro Soto,0.13,9344
224,2024-12-28 00:00:00,Auriculares,Periféricos,1255.67,40.0,Norte,Pedro Soto,0.19,4299
222,2022-12-04 00:00:00,Laptop,Electrónica,1043.43,20.0,Sur,Carlos López,0.28,5012
859,2023-12-05 00:00:00,SSD,Audio,1017.02,35.0,Occidente,Pedro Soto,0.01,7923
466,2023-12-03 00:00:00,Webcam,Audio,1777.63,9.0,Oriente,Carlos López,0.23,3066
53,,Webcam,Audio,1398.96,36.0,Sur,Ana Torres,0.2,4282
486,2024-10-03 00:00:00,SSD,Audio,1740.79,5.0,Centro,María García,0.1,7849
979,2024-08-31 00:00:00,Auriculares,Audio,1802.07,25.0,Occidente,María García,0.23,3955
716,2024-08-11 00:00:00,Teclado,Audio,208.07,20.0,Oriente,María García,0.28,2700
156,2023-04-09 00:00:00,Webcam,Almacenamiento,243.05,18.0,Oriente,Pedro Soto,0.29,4559
714,2024-05-23 00:00:00,Laptop,Electrónica,776.45,6.0,Oriente,María García,0.21,8167
690,23/6/2022,Webcam,Almacenamiento,1796.6,5.0,Occidente,Juan Pérez,0.09,3632
249,2024-09-28 00:00:00,Auriculares,Almacenamiento,1414.23,45.0,Centro,Ana Torres,0.1,3414
442,2024-10-31 00:00:00,Webcam,Periféricos,558.85,30.0,Oriente,Juan Pérez,,2931
914,2022-03-25 00:00:00,Hub USB,Electrónica,1990.48,32.0,Oriente,Carlos López,0.3,9224
118,2024-12-28 00:00:00,Hub USB,Electrónica,1705.75,44.0,Oriente,Carlos López,0.19,1493
844,2023-05-11 00:00:00,Auriculares,Almacenamiento,714.12,33.0,Occidente,Pedro Soto,0.02,N/A
733,2024-05-21 00:00:00,Hub USB,Audio,1788.76,45.0,Occidente,María García,0.14,9502
292,,Hub USB,Electrónica,1131.61,15.0,Norte,Carlos López,0.17,6278
382,2024-10-07 00:00:00,Auriculares,Periféricos,935.89,38.0,Sur,Pedro Soto,0.23,ERR-ZNJ
644,2024-05-03 00:00:00,Webcam,Almacenamiento,1761.39,28.0,Norte,María García,0.22,3149
201,2024-08-09 00:00:00,Webcam,Almacenamiento,1629.82,12.0,Oriente,María García,0.24,1217
769,2022-05-28 00:00:00,SSD,Periféricos,1485.99,15.0,Norte,María García,0.15,8928
973,2024-09-19 00:00:00,Hub USB,Periféricos,301.53,9.0,Oriente,María García,0.29,9602
506,2024-05-03 00:00:00,Auriculares,Electrónica,1854.07,25.0,,Pedro Soto,0.02,N/A
822,2024-05-01 00:00:00,SSD,Electrónica,443.15,29.0,Oriente,Carlos López,0.05,7043
583,2023-05-01 00:00:00,Webcam,Almacenamiento,386.5,17.0,Centro,Ana Torres,0.29,2251
341,2024-02-26 00:00:00,Webcam,Electrónica,976.95,13.0,Occidente,Pedro Soto,0.2,2594
155,2022-11-13 00:00:00,Webcam,Electrónica,1162.17,14.0,Oriente,María García,0.25,2093
926,2023-01-17 00:00:00,Teclado,Audio,1624.82,40.0,Oriente,Ana Torres,0.03,N/A
601,2023-04-11 00:00:00,Hub USB,Almacenamiento,1819.21,31.0,Norte,Ana Torres,0.09,3591
784,2024-06-29 00:00:00,Teclado,Electrónica,1791.73,47.0,Occidente,Pedro Soto,0.1,8992
846,2024-08-30 00:00:00,Teclado,Periféricos,1842.15,46.0,Centro,Pedro Soto,0.06,7556
323,2023-09-13 00:00:00,Teclado,Audio,1350.86,9.0,Sur,Carlos López,0.2,N/A
650,2024-05-30 00:00:00,Mouse,Periféricos,157.21,50.0,Centro,Pedro Soto,0.03,N/A
631,2023-03-19 00:00:00,Laptop,Electrónica,1671.4,5.0,Occidente,Juan Pérez,0.03,7523
83,2024-09-27 00:00:00,  Mouse  ,Electrónica,494.09,27.0,Occidente ,María García,0.21,9011
628,2023-06-09 00:00:00,Hub USB,Audio,1058.76,45.0,Norte,Carlos López,0.07,8926
465,2023-09-03 00:00:00,Auriculares,Periféricos,144.59,3.0,Centro,Ana Torres,0.22,N/A
595,2022-09-14 00:00:00,Hub USB,Periféricos,380.01,2.0,Sur,,0.28,N/A
912,2022-11-06 00:00:00,Hub USB,Periféricos,641.35,32.0,Occidente,Ana Torres,0.02,N/A
334,2022-01-10 00:00:00,Mouse,Audio,1190.52,25.0,Sur,María García,0.08,3933
11,25/7/2024,SSD,Audio,1771.1,42.0,Sur,Carlos López,0.04,1712
471,2022-10-08 00:00:00,Teclado,Almacenamiento,1251.25,45.0,Oriente,Juan Pérez,0.15,N/A
33,2024-12-06 00:00:00,  Mouse  ,ELECTRÓNICA,1244.47,27.0,Centro ,Carlos López,0.06,7735
619,7/1/2022,Webcam,Electrónica,133.65,42.0,Occidente,Juan Pérez,0.04,6131
944,2022-11-27 00:00:00,Webcam,Audio,1399.57,2.0,Centro,María García,0.14,N/A
383,2022-02-18 00:00:00,Mouse,Periféricos,27.66,27.0,Sur,Pedro Soto,0.1,1001
653,2022-06-25 00:00:00,Mouse,Periféricos,1375.44,10.0,Norte,Juan Pérez,0.07,3780
599,2023-10-29 00:00:00,Monitor,Electrónica,84.78,23.0,Oriente,Ana Torres,0.29,3344
969,2023-05-23 00:00:00,Auriculares,Periféricos,1432.99,34.0,Norte,Carlos López,0.15,3282
985,2023-10-19 00:00:00,Mouse,Audio,183.03,35.0,Oriente,Pedro Soto,0.01,8805
379,2023-07-10 00:00:00,Mouse,Audio,1832.97,21.0,Norte,Pedro Soto,0.11,1641
90,2023-11-29 00:00:00,Laptop,Almacenamiento,946.75,29.0,Sur,Juan Pérez,0.08,1599
214,2024-07-02 00:00:00,Teclado,Almacenamiento,1553.3,46.0,Sur,Pedro Soto,0.09,6269
902,2023-08-13 00:00:00,Mouse,Periféricos,1892.91,18.0,Oriente,Ana Torres,0.04,N/A
134,2022-02-21 00:00:00,Webcam,Electrónica,1354.55,31.0,Occidente,Pedro Soto,0.1,4818
347,2023-02-28 00:00:00,Hub USB,Periféricos,1238.06,14.0,Norte,Pedro Soto,0.11,4205
677,2023-08-26 00:00:00,Auriculares,Almacenamiento,930.77,28.0,Occidente,Juan Pérez,0.21,N/A
8,2023-07-01 00:00:00,Webcam,Periféricos,749.81,14.0,Norte,Pedro Soto,0.19,1849
665,2023-02-19 00:00:00,Monitor,Periféricos,1310.16,38.0,Sur,Carlos López,0.21,3532
321,2024-01-18 00:00:00,Mouse,Almacenamiento,761.47,26.0,Norte,Pedro Soto,0.06,3069
840,2022-08-17 00:00:00,Monitor,Electrónica,858.24,49.0,Norte,Juan Pérez,0.23,9644
188,2024-02-22 00:00:00,SSD,Audio,1542.34,50.0,Occidente,Pedro Soto,0.13,N/A
553,2022-03-21 00:00:00,Monitor,Electrónica,367.18,40.0,Occidente,Pedro Soto,0.23,3336
305,2022-02-02 00:00:00,Auriculares,Electrónica,371.02,21.0,Sur,Pedro Soto,0.04,N/A
32,2023-04-27 00:00:00,Teclado,Periféricos,151.01,5.0,Oriente,Juan Pérez,0.28,5831
659,2022-07-23 00:00:00,Hub USB,Periféricos,1959.89,33.0,Centro,Ana Torres,0.26,6955
241,2024-12-26 00:00:00,  Auriculares  ,Almacenamiento,1022.02,33.0,Oriente ,Pedro Soto,0.09,ERR-XKO
782,2023-03-06 00:00:00,  Laptop  ,Electrónica,1295.05,19.0,Oriente ,Carlos López,0.1,5605
175,2022-03-26 00:00:00,Hub USB,Audio,1166.95,48.0,Oriente,Pedro Soto,0.2,9721
246,2023-03-01 00:00:00,SSD,Electrónica,1415.96,34.0,Occidente,Carlos López,0.3,1565
57,2023-04-27 00:00:00,Webcam,Electrónica,1639.57,49.0,Centro,María García,0.24,3658
564,2024-01-30 00:00:00,Hub USB,Electrónica,142.2,15.0,Norte,Pedro Soto,0.01,7540
806,2022-08-18 00:00:00,Auriculares,Electrónica,232.09,18.0,Sur,Ana Torres,0.05,7599
146,2024-12-03 00:00:00,Mouse,Electrónica,1458.58,43.0,Centro,Ana Torres,0.19,9043
91,2024-10-04 00:00:00,  SSD  ,Electrónica,1646.9,26.0,Norte ,Pedro Soto,0.19,8406
393,,Auriculares,Almacenamiento,1642.88,12.0,Oriente,Ana Torres,0.17,5164
311,2024-01-09 00:00:00,Hub USB,Periféricos,1483.22,21.0,Norte,Juan Pérez,0.0,2059
360,2024-02-24 00:00:00,Hub USB,Periféricos,963.23,15.0,Norte,Juan Pérez,0.03,7018
94,2022-07-23 00:00:00,Hub USB,Almacenamiento,1143.73,,Sur,María García,0.08,2388
745,2023-03-08 00:00:00,Mouse,Audio,1456.11,11.0,Occidente,Carlos López,0.02,8166
805,2022-06-28 00:00:00,Teclado,Periféricos,1785.43,30.0,Norte,Ana Torres,0.27,1076
377,2022-04-01 00:00:00,Teclado,Periféricos,1485.45,1.0,Norte,María García,0.01,3948
244,2022-03-06 00:00:00,Hub USB,Periféricos,-1646.0,16.0,Occidente,Juan Pérez,0.06,7032
883,2024-10-21 00:00:00,Monitor,Periféricos,237.19,48.0,Norte,Pedro Soto,0.2,N/A
88,2023-01-03 00:00:00,Teclado,Periféricos,603.05,24.0,Centro,Juan Pérez,0.21,8918
215,2024-07-14 00:00:00,SSD,Periféricos,258.44,5.0,Sur,Ana Torres,0.3,2058
445,2023-04-07 00:00:00,Monitor,Periféricos,1716.37,,Sur,Carlos López,0.2,9446
174,2023-08-11 00:00:00,SSD,Audio,89.65,24.0,Norte,Juan Pérez,,6866
426,2024-01-27 00:00:00,Hub USB,Periféricos,751.48,25.0,Sur,Ana Torres,0.01,1940
831,2022-10-05 00:00:00,Monitor,Almacenamiento,930.17,45.0,Centro,María García,0.02,9029
119,2023-08-12 00:00:00,SSD,Electrónica,1240.66,16.0,Sur,Juan Pérez,0.13,3102
120,2023-09-06 00:00:00,Teclado,Electrónica,895.7,45.0,Norte,Juan Pérez,0.1,9188
988,2022-12-13 00:00:00,Teclado,Periféricos,623.99,27.0,Norte,Pedro Soto,0.29,7292
1,2023-04-03 00:00:00,Teclado,Electrónica,1486.98,16.0,Sur,Juan Pérez,0.2,N/A
395,2024-02-02 00:00:00,Mouse,PERIFÉRICOS,408.29,26.0,Norte,Pedro Soto,0.18,5413
402,2023-12-06 00:00:00,Webcam,Audio,1095.87,32.0,Occidente,Pedro Soto,0.1,7664
405,2024-03-06 00:00:00,Auriculares,Electrónica,1531.64,15.0,Centro,María García,0.05,4698
664,2024-05-23 00:00:00,Mouse,Audio,492.12,10.0,Centro,Pedro Soto,0.1,5011
959,2024-11-25 00:00:00,SSD,Periféricos,1543.75,46.0,Norte,Juan Pérez,0.1,N/A
163,,Hub USB,Electrónica,30.26,20.0,Sur,Carlos López,0.09,8567
115,2022-11-08 00:00:00,  Hub USB  ,Audio,1977.0,42.0,Oriente ,Juan Pérez,0.04,8679
151,2024-05-01 00:00:00,Hub USB,Almacenamiento,1657.43,26.0,Norte,Carlos López,0.13,8079
633,2024-01-04 00:00:00,Hub USB,Electrónica,1536.07,37.0,Oriente,Ana Torres,0.26,2595
913,2024-08-21 00:00:00,Monitor,Electrónica,471.27,3.0,Centro,María García,0.21,N/A
781,2022-11-02 00:00:00,Mouse,Almacenamiento,120.34,8.0,Oriente,Ana Torres,,5097
369,2024-03-26 00:00:00,Laptop,Almacenamiento,443.25,4.0,Occidente,Carlos López,0.19,6328
544,2022-01-14 00:00:00,Webcam,Audio,1588.43,39.0,Occidente,María García,0.13,ERR-EEK
478,2022-12-16 00:00:00,Laptop,Electrónica,1706.22,43.0,Centro,Carlos López,0.27,1628
533,2023-11-11 00:00:00,Hub USB,Almacenamiento,-1682.62,9.0,Oriente,Ana Torres,0.13,5582
626,2022-07-17 00:00:00,Webcam,Audio,1287.19,8.0,Occidente,Juan Pérez,0.01,ERR-XEF
513,2023-11-11 00:00:00,Webcam,Periféricos,1768.54,43.0,Centro,Carlos López,0.09,1996
636,2023-03-15 00:00:00,Hub USB,Almacenamiento,1222.7,37.0,Oriente,Pedro Soto,0.28,7260
73,2022-08-23 00:00:00,Laptop,Periféricos,488.51,31.0,Occidente,María García,0.14,8474
259,2023-07-13 00:00:00,SSD,Periféricos,1704.35,30.0,Sur,Juan Pérez,0.1,3338
625,2024-10-15 00:00:00,Teclado,Audio,391.89,44.0,Occidente,María García,0.18,2070
908,2024-01-30 00:00:00,Hub USB,Almacenamiento,1955.38,43.0,Sur,Pedro Soto,0.01,5828
136,2022-07-19 00:00:00,Laptop,Almacenamiento,1991.92,8.0,Sur,Pedro Soto,0.04,N/A
617,2022-03-28 00:00:00,Teclado,Audio,1581.45,1.0,Occidente,Ana Torres,0.21,7427
993,2022-09-15 00:00:00,Teclado,Periféricos,1529.51,42.0,Centro,Pedro Soto,0.12,N/A
683,2024-05-09 00:00:00,Monitor,Periféricos,1541.78,4.0,Centro,Carlos López,0.22,3322
593,2023-04-13 00:00:00,Hub USB,Electrónica,172.04,22.0,Centro,Carlos López,0.2,6937
854,2024-03-30 00:00:00,Auriculares,Almacenamiento,1516.26,42.0,Centro,Ana Torres,0.2,N/A
502,2022-01-27 00:00:00,Hub USB,Almacenamiento,1756.79,28.0,Occidente,Juan Pérez,0.01,2616
539,2022-10-27 00:00:00,Monitor,Audio,331.06,37.0,Oriente,Carlos López,0.01,7479
703,2023-09-24 00:00:00,Monitor,Audio,386.95,8.0,Centro,Juan Pérez,0.08,7185
582,2023-03-08 00:00:00,SSD,Almacenamiento,1383.08,1.0,Oriente,Pedro Soto,0.03,2481
344,2024-01-22 00:00:00,SSD,Electrónica,1151.84,18.0,Occidente,Juan Pérez,0.23,8496
932,2024-07-20 00:00:00,Hub USB,Almacenamiento,638.18,47.0,Oriente,Pedro Soto,0.24,9108
670,2022-06-12 00:00:00,Mouse,Periféricos,1379.45,23.0,Oriente,María García,0.15,2406
294,2024-10-01 00:00:00,SSD,Almacenamiento,525.79,32.0,Oriente,María García,0.22,ERR-UIL
365,2023-09-10 00:00:00,Auriculares,Electrónica,1698.07,43.0,Sur,Pedro Soto,0.18,N/A
935,2024-01-09 00:00:00,SSD,Almacenamiento,1242.72,40.0,Oriente,Carlos López,0.03,7601
15,2024-07-18 00:00:00,Webcam,Electrónica,597.6,11.0,Norte,Carlos López,0.29,1415
87,2023-07-21 00:00:00,Monitor,Periféricos,444.52,31.0,Occidente,Pedro Soto,0.18,3932
371,2022-05-16 00:00:00,Mouse,Periféricos,1079.73,26.0,Centro,Ana Torres,0.22,4029
166,2024-04-08 00:00:00,Teclado,Almacenamiento,1157.88,37.0,Oriente,Carlos López,0.03,2117
51,2023-02-08 00:00:00,Laptop,Audio,18.36,35.0,Centro,Ana Torres,0.02,3121
336,2024-12-16 00:00:00,Teclado,Almacenamiento,1346.34,32.0,Centro,,0.12,3608
60,2024-11-26 00:00:00,Mouse,Periféricos,1611.16,45.0,Oriente,Juan Pérez,0.17,ERR-FFQ
355,,Laptop,Electrónica,212.66,30.0,Norte,María García,0.13,7619
425,2024-09-28 00:00:00,Teclado,Almacenamiento,1572.98,31.0,Centro,Juan Pérez,0.19,4932
293,6/2/2024,Hub USB,Almacenamiento,317.54,22.0,Oriente,Pedro Soto,0.25,N/A
42,,Monitor,Audio,267.98,20.0,Norte,Carlos López,0.06,9337
330,2024-09-02 00:00:00,SSD,Periféricos,1049.41,23.0,Norte,Ana Torres,0.22,8836
615,2023-09-04 00:00:00,Laptop,Electrónica,517.83,41.0,Sur,Carlos López,0.27,7185
430,2024-07-08 00:00:00,Laptop,Periféricos,253.76,49.0,Sur,María García,0.29,9156
80,2024-08-09 00:00:00,Teclado,Almacenamiento,1765.04,16.0,Occidente,Pedro Soto,0.2,4098
29,2024-03-10 00:00:00,  Hub USB  ,Electrónica,341.8,1.0,Centro ,Ana Torres,0.09,8240
255,2024-09-04 00:00:00,Monitor,Audio,1310.99,31.0,Sur,Carlos López,0.1,5951
437,2023-09-29 00:00:00,Webcam,ELECTRÓNICA,685.66,20.0,Centro,Ana Torres,0.26,6863
459,2023-01-05 00:00:00,SSD,Periféricos,643.02,46.0,Norte,Ana Torres,0.1,ERR-KTX
384,2024-02-10 00:00:00,Laptop,Almacenamiento,17.9,43.0,Centro,Juan Pérez,0.06,ERR-YXH
314,2024-03-05 00:00:00,Webcam,Audio,39.5,27.0,Norte,Pedro Soto,0.27,2895
85,2023-12-06 00:00:00,Auriculares,Almacenamiento,954.42,34.0,Oriente,Pedro Soto,0.1,3743
575,2023-12-02 00:00:00,Auriculares,Periféricos,585.27,26.0,Norte,Pedro Soto,0.28,2702
137,2024-05-08 00:00:00,SSD,Almacenamiento,,48.0,Occidente,María García,0.27,7731
112,2024-09-29 00:00:00,Laptop,Almacenamiento,1456.21,38.0,Sur,Ana Torres,0.16,1194
195,2023-05-02 00:00:00,Monitor,Audio,235.71,19.0,Centro,Juan Pérez,0.01,6314
179,2024-03-02 00:00:00,Laptop,Almacenamiento,-145.84,7.0,Centro,Carlos López,0.22,ERR-JFG
949,2022-11-21 00:00:00,Laptop,Almacenamiento,1763.6,23.0,Sur,Pedro Soto,0.01,N/A
497,2022-09-20 00:00:00,SSD,PERIFÉRICOS,1388.26,12.0,Norte,Ana Torres,0.2,7292
130,2023-11-01 00:00:00,Webcam,Periféricos,193.91,19.0,Oriente,María García,0.06,N/A
338,2022-08-28 00:00:00,Monitor,Almacenamiento,248.96,20.0,Sur,Carlos López,0.21,6706
609,2023-07-06 00:00:00,Laptop,Periféricos,1945.08,19.0,Sur,Ana Torres,0.22,1526
125,2023-09-11 00:00:00,Auriculares,Audio,1385.27,30.0,Sur,Ana Torres,0.26,7404
196,2022-02-03 00:00:00,Hub USB,Audio,139.67,32.0,Occidente,Pedro Soto,0.07,3177
227,2023-08-17 00:00:00,Laptop,Audio,1779.66,35.0,Centro,Ana Torres,0.07,9278
269,2024-06-23 00:00:00,Monitor,Periféricos,666.31,34.0,Norte,María García,0.22,2789
153,2024-02-03 00:00:00,Teclado,Audio,206.68,48.0,Sur,Pedro Soto,0.02,1715
585,2022-09-26 00:00:00,Hub USB,Almacenamiento,909.7,37.0,Occidente,María García,0.24,6463
104,2023-06-01 00:00:00,Hub USB,Electrónica,917.83,21.0,Centro,Juan Pérez,0.29,5528
594,2024-01-14 00:00:00,Auriculares,Audio,553.43,29.0,Occidente,Pedro Soto,0.29,2804
915,2022-10-31 00:00:00,  SSD  ,Audio,993.58,47.0,Norte ,Carlos López,0.03,3540
955,2024-05-01 00:00:00,Monitor,Electrónica,1699.46,29.0,Norte,María García,0.25,7819
228,2022-05-03 00:00:00,  Hub USB  ,Almacenamiento,915.29,45.0,Sur ,Ana Torres,0.12,3553
980,2023-10-29 00:00:00,SSD,Audio,1339.43,10.0,Norte,Pedro Soto,0.2,9608
302,23/12/2024,Teclado,Electrónica,200.6,25.0,Occidente,Ana Torres,0.02,8311
276,2024-08-06 00:00:00,Mouse,Electrónica,1516.02,20.0,Occidente,Ana Torres,0.16,N/A
127,2022-04-11 00:00:00,Hub USB,Almacenamiento,31.07,44.0,Occidente,Ana Torres,0.25,N/A
406,2023-12-22 00:00:00,Webcam,Almacenamiento,1829.25,2.0,Occidente,Pedro Soto,0.04,4640
684,2022-09-27 00:00:00,SSD,Almacenamiento,1258.51,8.0,Sur,Juan Pérez,0.19,N/A
953,2022-08-30 00:00:00,Teclado,Electrónica,1022.0,11.0,Sur,Carlos López,0.05,8925
37,2023-09-06 00:00:00,Auriculares,Electrónica,1340.71,36.0,Norte,María García,,1425
140,2022-07-07 00:00:00,Auriculares,Periféricos,1936.89,30.0,Sur,Pedro Soto,0.29,4382
304,2024-08-31 00:00:00,Laptop,Periféricos,434.66,45.0,Centro,Juan Pérez,0.28,2465
268,2022-05-07 00:00:00,Webcam,Electrónica,1835.73,8.0,Occidente,Pedro Soto,0.06,7697
534,2022-06-17 00:00:00,Auriculares,Audio,1110.07,12.0,Centro,María García,,9804
546,2022-08-21 00:00:00,Teclado,Periféricos,838.01,22.0,Oriente,Ana Torres,0.14,7594
213,2023-01-17 00:00:00,Auriculares,Periféricos,1921.63,2.0,Oriente,Pedro Soto,0.12,4644
469,1/1/2024,Laptop,Electrónica,1329.01,42.0,,Juan Pérez,0.13,1131
199,2023-06-04 00:00:00,SSD,Electrónica,1276.81,24.0,Norte,Carlos López,0.24,8354
673,2024-09-30 00:00:00,Mouse,Periféricos,146.28,29.0,Centro,Ana Torres,0.27,N/A
528,2023-06-02 00:00:00,Monitor,Periféricos,380.23,40.0,Sur,,0.05,N/A
676,2022-04-11 00:00:00,  Laptop  ,Audio,1039.51,41.0,Sur ,Carlos López,0.13,8699
850,2023-08-19 00:00:00,Auriculares,Audio,463.36,27.0,Oriente,María García,0.26,4941
242,2024-05-03 00:00:00,Laptop,Almacenamiento,672.51,8.0,Occidente,Carlos López,0.24,5182
343,2023-08-15 00:00:00,Mouse,Almacenamiento,-79.9,15.0,Sur,Ana Torres,0.17,1886
550,2022-10-20 00:00:00,Monitor,PERIFÉRICOS,1663.27,39.0,Occidente,María García,0.19,N/A
387,2022-05-08 00:00:00,Monitor,Audio,163.54,37.0,Oriente,María García,0.07,2622
921,2022-05-25 00:00:00,Laptop,Almacenamiento,656.49,4.0,Occidente,Pedro Soto,0.11,6283
207,2023-11-03 00:00:00,Monitor,Almacenamiento,652.6,6.0,,Carlos López,0.13,5556
296,2022-04-10 00:00:00,Laptop,Electrónica,1680.55,5.0,Norte,Ana Torres,0.04,8800
696,2024-04-27 00:00:00,Teclado,Periféricos,1602.14,27.0,Norte,Carlos López,0.1,N/A
826,2023-09-15 00:00:00,  Auriculares  ,Audio,98.83,20.0,Oriente ,Pedro Soto,0.22,7218
74,2022-08-23 00:00:00,Auriculares,Almacenamiento,348.06,39.0,Sur,Carlos López,0.03,3807
800,2024-08-11 00:00:00,Webcam,Electrónica,235.27,24.0,Occidente,Juan Pérez,0.11,8130
105,2024-08-04 00:00:00,Hub USB,Electrónica,1320.46,35.0,Oriente,Juan Pérez,0.06,2168
741,2022-09-17 00:00:00,Auriculares,Electrónica,,6.0,Occidente,Juan Pérez,0.26,3069
951,2022-04-06 00:00:00,Auriculares,Almacenamiento,1573.0,50.0,Occidente,Carlos López,0.27,1403
756,2023-10-25 00:00:00,Auriculares,Audio,1389.06,43.0,Centro,María García,0.23,ERR-ANQ
17,2022-02-09 00:00:00,Monitor,Electrónica,1203.91,32.0,Norte,Carlos López,0.26,4225
440,2024-04-06 00:00:00,Monitor,Electrónica,632.58,33.0,Sur,Pedro Soto,0.26,7115
92,2023-09-15 00:00:00,Laptop,Periféricos,311.16,37.0,Norte,María García,0.04,6013
89,2023-08-22 00:00:00,  Monitor  ,Almacenamiento,105.35,4.0,Sur ,Ana Torres,0.03,5396
451,2024-04-07 00:00:00,Mouse,Electrónica,1613.78,39.0,Centro,María García,0.22,9668
718,2024-09-07 00:00:00,Laptop,Electrónica,958.54,23.0,Oriente,María García,0.08,N/A
103,2023-11-07 00:00:00,Webcam,Almacenamiento,1345.22,11.0,Oriente,Ana Torres,0.09,9220
239,2024-11-29 00:00:00,Laptop,Periféricos,1431.48,31.0,Oriente,María García,0.18,9020
776,2022-06-15 00:00:00,Hub USB,Periféricos,46.03,32.0,Norte,Juan Pérez,0.05,N/A
247,2024-07-30 00:00:00,SSD,Audio,637.8,12.0,Occidente,Carlos López,0.16,1462
882,2024-04-13 00:00:00,Teclado,Almacenamiento,1209.18,5.0,Centro,Juan Pérez,0.12,N/A
158,2022-03-04 00:00:00,Monitor,Audio,153.13,48.0,Norte,Pedro Soto,,2723
480,2024-09-06 00:00:00,SSD,ALMACENAMIENTO,1673.88,45.0,Oriente,María García,0.03,2489
646,2024-03-15 00:00:00,Webcam,Periféricos,319.1,44.0,Oriente,Pedro Soto,0.17,N/A
906,2022-05-30 00:00:00,Hub USB,Audio,1476.17,17.0,Norte,Pedro Soto,0.02,3461
880,2022-10-07 00:00:00,Hub USB,Electrónica,415.95,18.0,Norte,Carlos López,0.24,1016
19,2022-12-05 00:00:00,Monitor,Periféricos,1324.61,36.0,Centro,Pedro Soto,0.26,N/A
758,2024-03-15 00:00:00,Teclado,Audio,1959.15,13.0,Sur,Ana Torres,0.03,2817
122,2024-02-23 00:00:00,Monitor,Periféricos,362.51,40.0,Occidente,María García,0.15,7608
984,2023-01-04 00:00:00,SSD,Electrónica,253.76,,,Carlos López,0.24,2581
757,2022-05-04 00:00:00,  Auriculares  ,Electrónica,774.86,22.0,Centro ,Carlos López,0.05,N/A
275,2024-03-15 00:00:00,Monitor,Almacenamiento,250.49,35.0,Occidente,María García,0.22,2651
434,2022-07-26 00:00:00,Monitor,Electrónica,1850.98,37.0,Centro,Pedro Soto,0.26,5001
961,2023-09-16 00:00:00,Auriculares,AUDIO,812.98,44.0,Centro,Carlos López,0.0,8801
312,2022-07-29 00:00:00,Auriculares,AUDIO,729.44,18.0,Sur,Juan Pérez,0.06,7252
813,2023-01-13 00:00:00,Webcam,Periféricos,890.16,24.0,Sur,Pedro Soto,0.21,1771
895,2023-09-18 00:00:00,Monitor,Electrónica,810.31,41.0,Centro,Pedro Soto,0.02,ERR-PSL
547,2022-09-19 00:00:00,Monitor,Audio,59.56,3.0,Occidente,Pedro Soto,0.05,N/A
182,2024-12-14 00:00:00,Webcam,Periféricos,1345.18,48.0,Norte,Ana Torres,0.15,2035
185,2022-11-29 00:00:00,Webcam,Periféricos,1200.53,10.0,Sur,Pedro Soto,0.24,9875
407,2024-10-01 00:00:00,Mouse,Audio,1091.12,12.0,Norte,Juan Pérez,0.02,3023
720,2023-05-04 00:00:00,Auriculares,Audio,810.62,27.0,Occidente,María García,0.16,N/A
607,2022-10-07 00:00:00,Hub USB,Periféricos,1709.16,12.0,Centro,Juan Pérez,0.19,7742
693,2023-06-16 00:00:00,Auriculares,Audio,1223.56,,Occidente,Pedro Soto,0.3,N/A
521,2024-06-05 00:00:00,Hub USB,Audio,910.48,26.0,Centro,Juan Pérez,0.12,5240
381,2024-07-24 00:00:00,Auriculares,Almacenamiento,664.69,36.0,Norte,Carlos López,0.06,5206
411,2024-06-13 00:00:00,  Webcam  ,Almacenamiento,655.37,11.0,Oriente ,Carlos López,0.05,1785
635,2023-10-27 00:00:00,SSD,Almacenamiento,1806.43,36.0,Centro,Ana Torres,0.23,N/A
370,2022-11-09 00:00:00,Hub USB,Audio,1408.09,6.0,Centro,Juan Pérez,0.09,N/A
867,2024-08-01 00:00:00,  Monitor  ,Electrónica,1083.76,3.0,Oriente ,Pedro Soto,0.15,N/A
893,2022-05-16 00:00:00,Teclado,Periféricos,1401.49,33.0,Centro,Ana Torres,0.18,N/A
808,2023-04-21 00:00:00,Laptop,Almacenamiento,390.29,2.0,Occidente,Carlos López,0.12,6527
79,2023-07-04 00:00:00,Auriculares,Audio,937.77,47.0,Centro,María García,0.25,5006
574,2023-12-25 00:00:00,Mouse,Periféricos,1603.32,27.0,Occidente,Pedro Soto,0.0,5940
519,2022-02-18 00:00:00,Hub USB,Electrónica,1497.58,10.0,Oriente,Carlos López,0.01,7180
638,2022-01-14 00:00:00,Laptop,Periféricos,1986.92,20.0,Centro,María García,0.06,8587
608,2023-01-20 00:00:00,SSD,Almacenamiento,1405.44,32.0,Centro,Juan Pérez,0.05,1216
869,2023-02-26 00:00:00,Webcam,Electrónica,1619.53,7.0,Centro,Ana Torres,0.15,5395
69,2022-02-25 00:00:00,Laptop,Audio,1189.91,43.0,Norte,Ana Torres,0.04,5292
891,2024-06-17 00:00:00,  Mouse  ,Almacenamiento,432.62,11.0,Centro ,Ana Torres,0.24,N/A
991,2024-02-28 00:00:00,Mouse,Audio,1024.61,33.0,Norte,Carlos López,0.02,ERR-TLJ
417,4/5/2024,Hub USB,Periféricos,1770.84,32.0,Centro,Pedro Soto,0.11,N/A
797,2024-04-10 00:00:00,Laptop,Audio,935.56,9.0,Sur,Carlos López,0.19,4476
562,12/7/2022,Teclado,Periféricos,901.49,45.0,Norte,María García,0.15,7804
68,2024-04-08 00:00:00,SSD,Electrónica,786.88,43.0,Sur,Ana Torres,0.28,N/A
537,2023-08-19 00:00:00,SSD,Periféricos,741.15,15.0,Sur,Ana Torres,0.15,4377
78,2024-07-30 00:00:00,Teclado,Audio,1922.16,41.0,Sur,Ana Torres,0.05,7131
106,2022-04-16 00:00:00,Webcam,Audio,1256.44,49.0,Sur,,0.16,6468
959,2024-11-25 00:00:00,SSD,Periféricos,1543.75,46.0,Norte,Juan Pérez,0.1,4609
837,2022-08-27 00:00:00,Teclado,Audio,929.08,5.0,Sur,Juan Pérez,0.14,N/A
639,,Webcam,Electrónica,1546.47,45.0,Occidente,Pedro Soto,0.17,N/A
560,2024-09-15 00:00:00,Hub USB,Periféricos,835.26,36.0,Sur,Carlos López,0.17,1729
815,2022-10-25 00:00:00,Laptop,Audio,1863.17,50.0,Oriente,Carlos López,0.05,2989
691,2023-11-06 00:00:00,Monitor,Electrónica,1393.82,18.0,Occidente,Ana Torres,0.16,7375
930,2023-06-03 00:00:00,Teclado,Audio,834.84,30.0,Centro,Carlos López,0.18,1432
351,22/10/2024,Auriculares,Audio,759.72,5.0,Oriente,Pedro Soto,0.22,7162
891,2024-06-17 00:00:00,  Mouse  ,Almacenamiento,432.62,11.0,Centro ,Ana Torres,0.24,6891
736,2024-09-13 00:00:00,Laptop,AUDIO,1414.19,8.0,Norte,María García,0.22,4156
834,2024-01-13 00:00:00,Webcam,Almacenamiento,553.85,45.0,Norte,,0.17,4971
491,2024-08-26 00:00:00,SSD,Almacenamiento,1126.9,40.0,Centro,Ana Torres,0.03,8059
841,2024-11-17 00:00:00,Hub USB,Electrónica,404.76,3.0,Occidente,Juan Pérez,0.14,ERR-JRG
904,2023-04-28 00:00:00,Monitor,Electrónica,591.03,17.0,Occidente,Ana Torres,0.27,6685
606,2023-07-11 00:00:00,Hub USB,Periféricos,1040.47,40.0,Centro,Pedro Soto,0.24,9641
364,2023-05-23 00:00:00,Webcam,Audio,639.29,9.0,Centro,Juan Pérez,0.07,4685
70,2023-11-02 00:00:00,SSD,Periféricos,114.81,25.0,Sur,Ana Torres,0.1,5029
549,,Laptop,Almacenamiento,1895.3,14.0,Occidente,Ana Torres,0.26,1339
161,2023-07-14 00:00:00,Hub USB,Audio,1220.05,27.0,Sur,Pedro Soto,0.03,N/A
12,2024-01-12 00:00:00,Auriculares,Audio,1797.18,26.0,Sur,María García,0.15,5553
145,2024-11-17 00:00:00,Teclado,Audio,904.83,24.0,Occidente,Juan Pérez,0.14,ERR-DBK
518,2023-03-13 00:00:00,Monitor,Electrónica,1259.46,14.0,Oriente,Juan Pérez,,1058
428,2023-04-11 00:00:00,  Webcam  ,Audio,1941.85,38.0,Occidente ,Juan Pérez,0.25,1175
640,2022-11-16 00:00:00,Monitor,Electrónica,89.91,23.0,Sur,Carlos López,0.11,4794
177,2024-06-15 00:00:00,Teclado,Periféricos,92.7,46.0,,Pedro Soto,0.16,2684
441,2022-04-29 00:00:00,Laptop,Periféricos,397.64,13.0,Sur,Juan Pérez,0.14,5092
522,3/10/2024,Teclado,Electrónica,,40.0,Occidente,Juan Pérez,0.21,5399
933,2023-06-16 00:00:00,Webcam,Periféricos,433.97,6.0,Norte,Ana Torres,0.16,9900
47,2024-03-27 00:00:00,Mouse,Periféricos,61.97,13.0,Centro,Carlos López,0.26,5749
689,2024-01-08 00:00:00,Auriculares,Periféricos,1933.09,48.0,Norte,,0.23,8890
232,2023-10-03 00:00:00,Monitor,Almacenamiento,1868.5,47.0,Sur,María García,0.15,5215
211,2022-03-08 00:00:00,Webcam,Almacenamiento,774.97,37.0,Occidente,María García,0.2,1885
641,2022-07-08 00:00:00,Mouse,Periféricos,523.64,20.0,Occidente,Ana Torres,0.17,3307
144,2022-04-18 00:00:00,Mouse,Almacenamiento,46.33,17.0,Sur,Ana Torres,0.16,8519
754,2022-06-26 00:00:00,Mouse,Electrónica,1420.53,8.0,Occidente,María García,0.11,5505
520,2022-05-25 00:00:00,Teclado,Electrónica,368.31,17.0,Occidente,María García,0.27,8461
349,2022-05-02 00:00:00,Teclado,Periféricos,1926.1,27.0,Centro,María García,0.21,7997
299,2024-05-31 00:00:00,Auriculares,Almacenamiento,49.03,45.0,,Juan Pérez,0.28,9267
823,2022-06-26 00:00:00,Hub USB,AUDIO,292.04,38.0,Sur,María García,0.09,1080
767,2023-09-23 00:00:00,Laptop,Periféricos,986.13,5.0,Oriente,Pedro Soto,0.29,ERR-EOP
429,2024-09-02 00:00:00,Hub USB,Audio,1151.84,16.0,Centro,Juan Pérez,0.12,9334
613,2023-05-22 00:00:00,Teclado,Periféricos,778.82,29.0,,María García,0.14,9222
996,2024-02-18 00:00:00,SSD,Almacenamiento,1201.77,44.0,Centro,María García,0.18,8111
114,2024-04-21 00:00:00,Mouse,Audio,478.62,50.0,Norte,Carlos López,0.22,3258
9,2023-03-26 00:00:00,Mouse,Periféricos,932.59,18.0,,Juan Pérez,0.07,7666
157,2023-09-25 00:00:00,Laptop,Almacenamiento,72.47,18.0,Centro,Carlos López,0.0,2986
540,,SSD,Periféricos,139.78,24.0,Norte,María García,0.16,8109
507,2024-06-26 00:00:00,Auriculares,PERIFÉRICOS,1246.81,50.0,Sur,Carlos López,0.23,5137
437,2023-09-29 00:00:00,Webcam,ELECTRÓNICA,685.66,20.0,Centro,Ana Torres,0.26,3864
267,2022-06-17 00:00:00,SSD,Periféricos,1527.29,44.0,Occidente,Ana Torres,0.16,4143
827,2023-06-22 00:00:00,Mouse,Electrónica,1585.57,10.0,Centro,Ana Torres,0.04,3257
462,2024-02-25 00:00:00,Hub USB,Audio,866.62,31.0,Norte,Juan Pérez,0.16,3087
577,2023-02-28 00:00:00,Mouse,Periféricos,1474.83,17.0,Sur,María García,0.25,2251
339,2024-02-25 00:00:00,Hub USB,Audio,1198.91,37.0,Oriente,María García,0.15,9648
256,2024-12-31 00:00:00,Laptop,Electrónica,1309.81,15.0,Norte,María García,0.13,7271
861,2023-09-13 00:00:00,SSD,Audio,-86.42,12.0,,Ana Torres,0.13,9087
911,2023-06-24 00:00:00,Auriculares,ALMACENAMIENTO,1853.58,19.0,Occidente,Carlos López,0.16,1871
666,2022-10-25 00:00:00,Monitor,Audio,1991.44,50.0,Occidente,María García,0.1,3592
561,2023-12-07 00:00:00,SSD,Almacenamiento,1977.19,37.0,Oriente,María García,0.26,N/A
209,2022-06-03 00:00:00,Hub USB,Almacenamiento,1284.35,4.0,Oriente,Carlos López,0.15,5726
288,2023-03-10 00:00:00,  Webcam  ,Almacenamiento,1914.68,1.0,Sur ,Juan Pérez,0.22,N/A
2,2023-03-24 00:00:00,Teclado,Audio,78.09,6.0,Sur,Pedro Soto,0.18,N/A
342,2024-09-27 00:00:00,Hub USB,Audio,840.03,29.0,Sur,Juan Pérez,0.17,N/A
270,2022-04-24 00:00:00,SSD,Electrónica,1799.3,29.0,Oriente,María García,0.15,5802
266,2022-11-10 00:00:00,Mouse,Periféricos,1915.36,31.0,Oriente,Pedro Soto,0.11,4041
872,2022-05-18 00:00:00,Teclado,ELECTRÓNICA,1189.85,18.0,Occidente,Pedro Soto,0.14,9245
879,2024-08-08 00:00:00,Laptop,Periféricos,1597.13,20.0,Oriente,Pedro Soto,0.3,1159
96,6/7/2024,SSD,Almacenamiento,79.79,19.0,Oriente,Juan Pérez,0.21,N/A
783,2022-12-27 00:00:00,SSD,Electrónica,222.28,4.0,Sur,Juan Pérez,0.15,7024
43,2024-04-12 00:00:00,Mouse,Electrónica,717.05,36.0,Occidente,María García,0.28,8284
860,2024-02-25 00:00:00,Laptop,Audio,,8.0,Oriente,Carlos López,0.26,3894
399,8/8/2023,Monitor,Almacenamiento,570.51,10.0,Occidente,Pedro Soto,0.19,7208
894,2022-04-17 00:00:00,  Webcam  ,Audio,1394.99,49.0,Sur ,Ana Torres,0.24,3320
629,2024-10-03 00:00:00,Teclado,Electrónica,1861.47,14.0,Norte,Ana Torres,0.24,N/A
46,2023-04-01 00:00:00,Teclado,Audio,1746.25,31.0,Sur,Ana Torres,0.1,6861
162,2024-09-23 00:00:00,Hub USB,Electrónica,577.24,44.0,Occidente,Carlos López,0.01,N/A
728,2022-04-19 00:00:00,Monitor,Almacenamiento,138.88,36.0,Norte,Pedro Soto,0.25,N/A
630,2024-01-26 00:00:00,Laptop,Almacenamiento,1122.67,27.0,Norte,Pedro Soto,0.08,1138
289,2023-02-23 00:00:00,SSD,Periféricos,1395.82,46.0,Oriente,María García,0.17,5072
590,2022-09-06 00:00:00,Webcam,Almacenamiento,698.12,27.0,Centro,Pedro Soto,0.06,7911
957,2022-11-07 00:00:00,  Hub USB  ,Almacenamiento,1264.44,16.0,Occidente ,Ana Torres,0.24,N/A
456,2024-08-07 00:00:00,Webcam,Almacenamiento,532.21,19.0,Norte,Ana Torres,0.02,1579
576,2023-07-06 00:00:00,SSD,Almacenamiento,716.77,37.0,Sur,María García,0.15,7047
851,2024-10-03 00:00:00,SSD,Almacenamiento,370.91,44.0,Norte,Ana Torres,0.13,N/A
316,2024-05-12 00:00:00,Monitor,Electrónica,346.91,18.0,Centro,Ana Torres,0.23,2902
954,2022-07-23 00:00:00,Auriculares,Audio,1527.5,32.0,Sur,Carlos López,0.1,9957
231,2023-08-18 00:00:00,SSD,Periféricos,294.64,4.0,Oriente,Pedro Soto,0.13,9801
810,2023-04-10 00:00:00,Monitor,Almacenamiento,355.9,17.0,Oriente,Carlos López,0.29,5931
699,2024-09-08 00:00:00,Laptop,Periféricos,400.12,22.0,Oriente,Juan Pérez,0.19,8381
886,2022-04-25 00:00:00,Auriculares,Audio,825.63,38.0,Oriente,Pedro Soto,0.11,6499
712,2023-08-04 00:00:00,Webcam,Almacenamiento,295.99,46.0,Occidente,María García,0.05,3898
77,2023-11-30 00:00:00,Hub USB,Almacenamiento,,42.0,Norte,Ana Torres,0.25,4107
634,2023-11-23 00:00:00,Monitor,Periféricos,1106.68,33.0,Sur,Pedro Soto,0.3,9250
721,2024-06-01 00:00:00,SSD,Audio,146.13,14.0,Oriente,Pedro Soto,0.24,2933
248,2023-07-26 00:00:00,Auriculares,Audio,396.64,16.0,Occidente,Carlos López,0.07,5281
820,2022-04-25 00:00:00,SSD,Almacenamiento,1212.3,33.0,Centro,Ana Torres,0.04,N/A
825,2022-10-08 00:00:00,Auriculares,Audio,362.16,30.0,Sur,María García,0.25,ERR-BHG
477,2023-10-03 00:00:00,Monitor,Electrónica,1706.71,24.0,Oriente,Juan Pérez,0.03,3436
876,2024-08-05 00:00:00,Hub USB,Electrónica,1051.71,24.0,Sur,María García,0.05,1208
671,2024-10-03 00:00:00,SSD,Almacenamiento,380.19,25.0,Oriente,María García,0.05,7503
86,2022-09-05 00:00:00,SSD,Almacenamiento,623.65,15.0,Sur,Carlos López,0.04,9342
470,2022-11-10 00:00:00,  Hub USB  ,Electrónica,1101.36,31.0,Sur ,Juan Pérez,0.09,8961
226,2023-06-27 00:00:00,Laptop,Electrónica,105.24,42.0,Sur,Pedro Soto,0.12,7188
889,2024-01-14 00:00:00,Hub USB,Almacenamiento,1283.31,45.0,Norte,Pedro Soto,0.26,5933
775,2022-03-25 00:00:00,Monitor,Audio,498.63,38.0,Sur,Juan Pérez,0.24,N/A
332,2022-11-24 00:00:00,  Monitor  ,Periféricos,1039.25,36.0,Centro ,Pedro Soto,0.13,6458
234,2022-04-14 00:00:00,Mouse,Periféricos,1172.94,4.0,Centro,Ana Torres,0.18,2178
589,2022-07-17 00:00:00,Laptop,Periféricos,1630.43,31.0,Oriente,Carlos López,0.08,4770
476,2023-06-25 00:00:00,  Mouse  ,Audio,1977.5,19.0,Oriente ,Juan Pérez,0.03,9230
974,2022-11-18 00:00:00,  Teclado  ,Periféricos,,3.0,Occidente ,Carlos López,0.28,3480
934,2024-09-04 00:00:00,Laptop,Audio,246.61,11.0,Oriente,Ana Torres,0.26,1877
600,2022-12-29 00:00:00,  Auriculares  ,Audio,283.2,45.0,Occidente ,Pedro Soto,0.14,ERR-ZJS
422,2022-04-12 00:00:00,Auriculares,Almacenamiento,605.34,7.0,Oriente,Pedro Soto,0.16,4748
688,2022-08-12 00:00:00,Auriculares,Almacenamiento,1841.96,4.0,Oriente,María García,0.05,3695
183,2023-12-01 00:00:00,Laptop,Almacenamiento,628.1,14.0,Oriente,María García,0.07,3750
618,2022-11-19 00:00:00,Monitor,Almacenamiento,1545.03,16.0,Oriente,Juan Pérez,0.21,2264
333,2023-01-13 00:00:00,SSD,Periféricos,1598.55,41.0,Sur,Ana Torres,0.12,4687
439,2024-09-19 00:00:00,Teclado,Periféricos,891.81,27.0,Occidente,Carlos López,0.25,1834
50,2022-08-25 00:00:00,Webcam,Audio,1218.32,33.0,Oriente,Pedro Soto,0.06,3369
295,2024-09-27 00:00:00,Webcam,Periféricos,292.82,35.0,Sur,Pedro Soto,0.3,ERR-KFX
6,2024-01-11 00:00:00,Hub USB,Electrónica,1110.8,41.0,Occidente,María García,0.21,8437
530,2023-04-26 00:00:00,SSD,Almacenamiento,723.92,43.0,Norte,Carlos López,0.19,9999
235,2024-06-01 00:00:00,SSD,Almacenamiento,1080.33,7.0,Sur,Carlos López,0.22,4206
487,2024-02-15 00:00:00,Auriculares,ELECTRÓNICA,1021.25,36.0,Oriente,María García,0.02,3977
970,2024-05-21 00:00:00,Mouse,Almacenamiento,916.8,10.0,Oriente,Juan Pérez,0.03,5536
498,2023-05-24 00:00:00,Webcam,Audio,-846.05,39.0,Centro,Ana Torres,0.29,N/A
885,2022-10-23 00:00:00,Hub USB,Periféricos,1871.97,14.0,Norte,María García,0.06,3401
964,2022-09-16 00:00:00,Webcam,Audio,1454.32,48.0,Occidente,Pedro Soto,0.09,2758
107,2022-09-06 00:00:00,Auriculares,Audio,1763.48,32.0,Norte,Pedro Soto,0.24,5959
444,2022-07-05 00:00:00,Webcam,Periféricos,1677.74,17.0,Centro,Juan Pérez,0.12,7449
489,2022-01-01 00:00:00,Laptop,ELECTRÓNICA,815.83,3.0,Norte,Pedro Soto,0.29,N/A
647,2022-10-31 00:00:00,Teclado,Periféricos,872.39,26.0,Sur,Carlos López,0.02,4917
13,2022-11-24 00:00:00,Teclado,Electrónica,1724.29,10.0,Oriente,Pedro Soto,0.02,6181
739,2023-08-16 00:00:00,SSD,ALMACENAMIENTO,850.72,,Sur,Juan Pérez,0.21,3846
727,2022-01-17 00:00:00,Hub USB,Almacenamiento,1980.72,38.0,Occidente,Pedro Soto,0.12,7484
191,2024-07-12 00:00:00,Monitor,Audio,197.05,15.0,Centro,Juan Pérez,0.12,N/A
215,2024-07-14 00:00:00,SSD,Periféricos,258.44,5.0,Sur,Ana Torres,0.3,2816
833,2022-07-13 00:00:00,Teclado,Periféricos,1536.39,12.0,Occidente,María García,0.16,5853
283,2022-11-02 00:00:00,Hub USB,Almacenamiento,1397.17,27.0,Centro,Ana Torres,0.06,1937
30,2022-04-30 00:00:00,SSD,Periféricos,391.95,14.0,Occidente,Pedro Soto,0.02,N/A
170,2022-10-30 00:00:00,Mouse,Almacenamiento,711.93,42.0,Sur,Juan Pérez,0.04,3794
181,2023-09-27 00:00:00,Hub USB,Periféricos,1196.16,6.0,Occidente,Ana Torres,0.19,6523
101,2022-12-25 00:00:00,Laptop,Almacenamiento,1158.85,,Oriente,Pedro Soto,0.2,N/A
198,2024-11-05 00:00:00,Teclado,Almacenamiento,149.34,34.0,Occidente,Pedro Soto,0.01,2106
496,2022-04-10 00:00:00,Monitor,Audio,23.61,48.0,Occidente,Ana Torres,0.25,7088
722,2024-09-23 00:00:00,Mouse,Periféricos,1330.29,5.0,Norte,Pedro Soto,,4471
648,2024-10-24 00:00:00,Laptop,Audio,536.18,26.0,Oriente,María García,0.23,2228
45,2023-05-24 00:00:00,Webcam,Audio,1607.44,48.0,Centro,María García,0.24,N/A
108,2024-04-15 00:00:00,Monitor,Almacenamiento,1108.42,36.0,Norte,María García,0.3,9653
711,2024-11-18 00:00:00,Auriculares,Electrónica,45.28,40.0,Norte,María García,0.16,N/A
374,2023-07-05 00:00:00,Webcam,Almacenamiento,346.42,9.0,Norte,Juan Pérez,0.1,9830
679,2022-02-21 00:00:00,  Monitor  ,AUDIO,,29.0,Sur ,Ana Torres,0.18,N/A
669,2023-07-01 00:00:00,Monitor,Electrónica,1528.46,40.0,Occidente,Pedro Soto,0.18,7993
649,2023-02-06 00:00:00,SSD,Periféricos,983.4,42.0,Occidente,Pedro Soto,0.3,9151
798,2023-11-13 00:00:00,Laptop,Electrónica,778.99,45.0,Occidente,Juan Pérez,0.09,5555
848,2024-11-30 00:00:00,Teclado,Almacenamiento,260.38,8.0,Sur,Ana Torres,0.23,2672
461,2022-06-30 00:00:00,Monitor,Periféricos,-986.81,49.0,Sur,Pedro Soto,,2946
909,2023-11-26 00:00:00,Monitor,Almacenamiento,352.18,32.0,Oriente,María García,0.03,N/A
414,2023-11-10 00:00:00,Mouse,Electrónica,1874.33,10.0,Norte,María García,0.1,7597
132,2024-03-24 00:00:00,SSD,Electrónica,294.4,15.0,Occidente,Carlos López,0.03,ERR-RME
40,2022-11-27 00:00:00,Webcam,Periféricos,1279.67,17.0,,Pedro Soto,0.21,N/A
435,2024-08-26 00:00:00,Hub USB,Almacenamiento,775.34,32.0,Norte,María García,0.08,9652
216,2023-08-18 00:00:00,Webcam,Almacenamiento,1423.44,36.0,Centro,María García,0.21,4153
556,2023-04-22 00:00:00,Teclado,Audio,280.76,31.0,Norte,,0.18,3281
567,2023-05-05 00:00:00,Mouse,Periféricos,1352.94,24.0,Norte,María García,0.03,4678
763,2023-11-14 00:00:00,SSD,Electrónica,1140.98,23.0,Centro,Ana Torres,0.02,1359
475,2024-11-13 00:00:00,SSD,Periféricos,1899.65,50.0,Norte,Juan Pérez,0.27,8764
457,2022-09-03 00:00:00,Teclado,AUDIO,1780.51,33.0,Oriente,Pedro Soto,0.09,6885
812,2022-11-11 00:00:00,Auriculares,Periféricos,,46.0,Sur,María García,0.04,N/A
261,2024-04-10 00:00:00,Mouse,Periféricos,1227.74,41.0,Oriente,Pedro Soto,0.1,ERR-EMC
817,2022-08-28 00:00:00,Teclado,Audio,1801.85,9.0,Centro,Juan Pérez,0.12,N/A
36,2023-05-16 00:00:00,Auriculares,Periféricos,1867.52,5.0,Centro,Carlos López,0.05,6564
828,2023-05-17 00:00:00,Auriculares,Audio,371.05,45.0,Norte,Juan Pérez,0.23,6231
912,2022-11-06 00:00:00,Hub USB,Periféricos,641.35,32.0,Occidente,Ana Torres,0.02,ERR-JVB
310,2023-05-20 00:00:00,Hub USB,Electrónica,1547.75,19.0,Norte,Juan Pérez,0.08,N/A
277,2023-07-19 00:00:00,Mouse,Periféricos,929.34,10.0,Sur,Juan Pérez,0.01,1685
637,2024-03-24 00:00:00,Auriculares,Almacenamiento,,29.0,Norte,Juan Pérez,0.29,1612
655,2023-02-22 00:00:00,Webcam,Periféricos,1483.93,14.0,Occidente,Pedro Soto,0.23,2165
623,2023-08-29 00:00:00,Monitor,ELECTRÓNICA,1069.31,29.0,Centro,Pedro Soto,0.11,6496
836,2023-03-29 00:00:00,Monitor,Electrónica,447.48,33.0,Sur,Pedro Soto,0.18,9103
845,2022-12-18 00:00:00,Laptop,Periféricos,1435.89,19.0,Occidente,Juan Pérez,0.29,8412
394,2022-09-06 00:00:00,Mouse,Electrónica,932.16,,Norte,Juan Pérez,0.25,3346
438,2024-06-26 00:00:00,Teclado,Periféricos,281.76,48.0,Centro,Carlos López,0.22,N/A
108,2024-04-15 00:00:00,Monitor,Almacenamiento,1108.42,36.0,Norte,María García,0.3,5496
246,2023-03-01 00:00:00,SSD,Electrónica,1415.96,34.0,Occidente,Carlos López,0.3,N/A
525,2023-08-28 00:00:00,Monitor,Audio,1596.59,35.0,Sur,Carlos López,0.2,3178
785,2023-10-30 00:00:00,Mouse,Almacenamiento,471.68,8.0,Sur,Juan Pérez,0.07,5451
48,2023-11-10 00:00:00,Auriculares,Almacenamiento,1288.34,26.0,Norte,Juan Pérez,0.26,N/A
955,2024-05-01 00:00:00,Monitor,Electrónica,1699.46,29.0,Norte,María García,0.25,8194
204,2022-04-08 00:00:00,Mouse,Almacenamiento,723.59,50.0,Centro,Carlos López,0.04,7136
999,2024-07-16 00:00:00,Webcam,Almacenamiento,1275.81,49.0,Centro,María García,0.2,N/A
632,2023-05-25 00:00:00,Mouse,Audio,391.08,34.0,Occidente,María García,0.17,7400
22,2022-05-26 00:00:00,Laptop,PERIFÉRICOS,1183.05,1.0,Norte,María García,0.02,9514
403,2023-03-25 00:00:00,Auriculares,Periféricos,66.73,39.0,Norte,Carlos López,0.02,N/A
947,2022-12-21 00:00:00,Auriculares,Electrónica,1339.11,9.0,Sur,María García,0.18,4288
84,2023-08-26 00:00:00,SSD,Audio,1588.97,6.0,Sur,Ana Torres,0.21,8711
131,2024-09-13 00:00:00,Webcam,Almacenamiento,1663.49,17.0,Centro,Carlos López,0.24,N/A
416,2022-01-03 00:00:00,Mouse,Electrónica,710.71,7.0,Norte,Ana Torres,0.13,3070
896,2022-09-24 00:00:00,Monitor,Periféricos,1039.99,50.0,Occidente,Ana Torres,0.24,7189
978,2022-05-19 00:00:00,  SSD  ,Electrónica,257.82,23.0,Norte ,Ana Torres,0.14,8925
842,2022-01-22 00:00:00,Auriculares,Electrónica,146.5,43.0,Norte,Juan Pérez,0.28,9265
742,2023-07-18 00:00:00,Auriculares,Almacenamiento,278.09,18.0,Centro,Juan Pérez,0.22,7422
698,2023-12-01 00:00:00,Webcam,Electrónica,240.97,22.0,Oriente,Pedro Soto,0.18,7658
287,2023-03-21 00:00:00,Laptop,Electrónica,388.5,49.0,Oriente,María García,0.26,N/A
124,27/7/2024,SSD,Almacenamiento,1360.06,11.0,Oriente,Carlos López,0.3,ERR-UXD
34,2023-09-07 00:00:00,Webcam,Periféricos,542.24,9.0,Oriente,Carlos López,0.28,1173
788,2023-02-19 00:00:00,SSD,Periféricos,1269.56,18.0,Centro,María García,0.01,8363
517,2023-10-19 00:00:00,Laptop,Almacenamiento,1798.09,13.0,Occidente,Juan Pérez,0.28,7567
924,2022-09-26 00:00:00,Hub USB,Almacenamiento,1808.91,39.0,Centro,Juan Pérez,0.25,8555
20,2023-02-16 00:00:00,Hub USB,Periféricos,1858.89,49.0,Centro,Ana Torres,0.3,ERR-UYV
1000,2023-11-04 00:00:00,Webcam,Almacenamiento,433.09,39.0,Norte,María García,0.19,1544
220,2022-06-01 00:00:00,Teclado,Periféricos,1945.17,42.0,Oriente,Ana Torres,0.2,4348
892,2024-08-22 00:00:00,Auriculares,ELECTRÓNICA,1649.05,32.0,Oriente,Carlos López,0.22,1339
580,2022-09-20 00:00:00,Auriculares,Audio,455.85,37.0,Norte,Pedro Soto,0.24,8838
482,2022-09-25 00:00:00,Hub USB,Almacenamiento,1228.55,44.0,Oriente,Ana Torres,0.03,4791
932,2024-07-20 00:00:00,Hub USB,Almacenamiento,638.18,47.0,Oriente,Pedro Soto,0.24,4975
357,2022-06-18 00:00:00,Auriculares,Electrónica,1314.36,17.0,Centro,María García,0.02,3826
662,2023-07-19 00:00:00,  Webcam  ,Almacenamiento,483.87,33.0,Norte ,Carlos López,0.26,9289
225,2023-11-23 00:00:00,Monitor,Periféricos,1322.58,47.0,Occidente,Juan Pérez,0.25,2310
760,2024-10-16 00:00:00,Teclado,Almacenamiento,1557.82,2.0,Sur,Juan Pérez,0.28,N/A
93,2024-07-11 00:00:00,Hub USB,Periféricos,1554.75,25.0,Oriente,Carlos López,0.26,3575
152,2024-08-29 00:00:00,Auriculares,Almacenamiento,1907.88,44.0,Norte,Juan Pérez,0.25,4005
513,2023-11-11 00:00:00,Webcam,Periféricos,1768.54,43.0,Centro,Carlos López,0.09,1244
318,2023-11-12 00:00:00,Teclado,Periféricos,619.75,26.0,Occidente,Ana Torres,0.24,1027
449,2022-05-11 00:00:00,Auriculares,Almacenamiento,1373.56,31.0,Centro,Carlos López,0.19,6808
804,2024-12-27 00:00:00,Teclado,Audio,1424.0,44.0,Centro,,0.19,4873
746,2024-03-27 00:00:00,Auriculares,Electrónica,119.26,30.0,Oriente,Carlos López,0.14,N/A
523,,Teclado,Almacenamiento,1857.17,7.0,Centro,Pedro Soto,0.03,1747
280,2023-04-25 00:00:00,Laptop,Periféricos,1015.23,19.0,Occidente,Carlos López,0.17,6521
584,2023-03-08 00:00:00,Webcam,Almacenamiento,380.07,28.0,Oriente,Carlos López,0.11,8885
765,2023-01-27 00:00:00,Monitor,Electrónica,-1935.51,43.0,Centro,Ana Torres,0.27,6137
605,2024-03-09 00:00:00,Hub USB,Audio,511.04,46.0,Oriente,María García,0.08,3988
130,2023-11-01 00:00:00,Webcam,Periféricos,193.91,19.0,Oriente,María García,0.06,9785
350,2023-05-22 00:00:00,Monitor,Periféricos,305.29,21.0,Oriente,Ana Torres,0.04,1922
928,2024-09-05 00:00:00,Teclado,Almacenamiento,944.42,6.0,Centro,María García,0.3,8673
375,2022-06-07 00:00:00,Hub USB,Almacenamiento,1054.85,17.0,Oriente,Ana Torres,0.15,3033
401,2023-05-26 00:00:00,Monitor,Audio,410.92,34.0,Occidente,Juan Pérez,0.3,3041
705,3/9/2022,Monitor,Electrónica,757.82,3.0,Norte,Ana Torres,0.15,1235
258,2023-11-18 00:00:00,Laptop,Almacenamiento,1142.4,7.0,Centro,Ana Torres,0.3,N/A
945,2023-11-26 00:00:00,SSD,Periféricos,1022.66,38.0,Occidente,Ana Torres,0.04,3535
495,2022-09-10 00:00:00,Teclado,Audio,107.3,41.0,Oriente,Ana Torres,0.2,6920
773,2022-10-09 00:00:00,Hub USB,Almacenamiento,254.79,44.0,Centro,María García,0.23,4554
551,2024-07-17 00:00:00,Auriculares,Periféricos,1452.51,22.0,Occidente,Pedro Soto,0.02,N/A
202,2022-03-31 00:00:00,Teclado,Audio,88.41,13.0,Sur,Juan Pérez,0.09,3032
313,2023-12-26 00:00:00,SSD,Audio,220.04,6.0,Occidente,Juan Pérez,0.18,8159
291,2024-08-19 00:00:00,  SSD  ,Audio,210.74,47.0,Centro ,María García,0.11,1051
764,2022-06-14 00:00:00,Teclado,Almacenamiento,1076.23,22.0,Oriente,Carlos López,0.19,2250
950,2023-04-10 00:00:00,Teclado,Almacenamiento,869.78,40.0,Norte,Pedro Soto,0.07,2587
184,2024-11-05 00:00:00,Monitor,Periféricos,168.17,7.0,Occidente,Pedro Soto,0.01,ERR-NVI
901,2024-06-10 00:00:00,Monitor,Electrónica,43.02,34.0,Oriente,Ana Torres,0.04,1296
251,2022-06-11 00:00:00,Monitor,Almacenamiento,98.5,46.0,Centro,Ana Torres,0.2,N/A
824,2024-02-09 00:00:00,Webcam,Electrónica,1867.31,38.0,Norte,Juan Pérez,0.12,5254
941,2024-11-17 00:00:00,Auriculares,Electrónica,982.68,32.0,Occidente,Pedro Soto,0.28,N/A
392,2023-12-30 00:00:00,Webcam,Periféricos,196.06,16.0,Oriente,Pedro Soto,0.01,3675
905,2022-09-30 00:00:00,Webcam,Audio,185.19,31.0,Centro,Ana Torres,0.21,9174
731,2023-08-14 00:00:00,  Hub USB  ,Almacenamiento,1682.33,10.0,Sur ,María García,0.0,7794
555,2024-02-20 00:00:00,Laptop,Audio,470.53,31.0,Centro,Pedro Soto,0.24,6544
367,2024-01-10 00:00:00,SSD,Electrónica,1063.65,1.0,Centro,María García,0.12,3967
346,,Webcam,Electrónica,886.55,8.0,Sur,Pedro Soto,0.21,3372
536,3/11/2024,  Laptop  ,Audio,1541.86,14.0,Occidente ,Carlos López,0.16,5216
920,2024-07-16 00:00:00,Auriculares,Electrónica,668.91,3.0,Centro,Pedro Soto,0.04,6091
212,2022-10-09 00:00:00,Webcam,Almacenamiento,896.22,5.0,Occidente,,0.12,5068
503,,Monitor,Electrónica,1345.45,13.0,Sur,Carlos López,0.21,N/A
538,,Teclado,Audio,737.27,1.0,Occidente,María García,0.23,5403
176,2024-07-11 00:00:00,Webcam,Audio,1010.21,4.0,Norte,Carlos López,0.29,9566
